ID_cliente,Cliente,Categoria,Comparacao_media
1,"Andre Santos Goncalves",Alimentos,"Acima da média"
325,"Antônio Oliveira",Alimentos,"Acima da média"
382,"Maria da Cruz",Alimentos,"Acima da média"
335,"Sarah Fernandes",Alimentos,"Acima da média"
277,"Vitor Hugo Oliveira",Alimentos,"Acima da média"
218,"Isabella Ferreira",Alimentos,"Acima da média"
29,"Dr. Vitor Hugo Santos",Alimentos,"Acima da média"
173,"Enrico Araújo",Alimentos,"Acima da média"
311,"Thales da Luz",Alimentos,"Acima da média"
346,"Carlos Eduardo Lima",Alimentos,"Acima da média"
113,"Sr. Ryan Costela",Alimentos,"Acima da média"
388,"Srta. Maria Luiza Ramos",Alimentos,"Acima da média"
309,"Leonardo Gonçalves",Alimentos,"Acima da média"
161,"Nathan da Cunha",Alimentos,"Acima da média"
227,"Laís Barros",Alimentos,"Acima da média"
96,"Valentina Moura",Alimentos,"Acima da média"
293,"Lorena da Mata",Alimentos,"Acima da média"
378,"Agatha Campos",Alimentos,"Acima da média"
341,"Cecília Nascimento",Alimentos,"Acima da média"
261,"Alexandre Alves",Alimentos,"Acima da média"
116,"Dr. Lorenzo Freitas",Alimentos,"Acima da média"
267,"Isabella Nascimento",Alimentos,"Acima da média"
202,"Isabella Silva",Alimentos,"Acima da média"
320,"Breno Monteiro",Alimentos,"Acima da média"
295,"Dra. Giovanna Rezende",Alimentos,"Acima da média"
191,"Maitê Farias",Alimentos,"Acima da média"
226,"Laura Mendes",Alimentos,"Acima da média"
347,"Sr. João Felipe Souza",Alimentos,"Acima da média"
281,"Brenda Nascimento",Alimentos,"Acima da média"
193,"Isis Nunes",Alimentos,"Abaixo da média"
87,"Milena Cardoso",Alimentos,"Abaixo da média"
32,"João Gabriel Pires",Alimentos,"Abaixo da média"
318,"João Guilherme Silva",Alimentos,"Abaixo da média"
314,"Luiz Fernando Souza",Alimentos,"Abaixo da média"
276,"Bianca Martins",Alimentos,"Abaixo da média"
308,"Gabriela Campos",Alimentos,"Abaixo da média"
70,"Vitor Gabriel Costa",Alimentos,"Abaixo da média"
77,"Francisco Vieira",Alimentos,"Abaixo da média"
111,"Dr. Thales Silveira",Alimentos,"Abaixo da média"
137,"Alexandre Mendes",Alimentos,"Abaixo da média"
109,"Sophia Silveira",Alimentos,"Abaixo da média"
326,"Pedro Henrique Almeida",Alimentos,"Abaixo da média"
97,"Marcelo Aragão",Alimentos,"Abaixo da média"
344,"Luiz Felipe Souza",Alimentos,"Abaixo da média"
125,"Joaquim Gonçalves",Alimentos,"Abaixo da média"
299,"Augusto Sales",Alimentos,"Abaixo da média"
225,"Ana Beatriz Duarte",Alimentos,"Abaixo da média"
186,"Gabriela da Paz",Alimentos,"Abaixo da média"
170,"Davi Lucca Moraes",Alimentos,"Abaixo da média"
355,"Luiz Henrique Moura",Alimentos,"Abaixo da média"
57,"Erick Mendes",Alimentos,"Abaixo da média"
12,"Enrico Araújo",Alimentos,"Abaixo da média"
367,"Isaac da Mota",Alimentos,"Abaixo da média"
134,"Gabriela Almeida",Alimentos,"Abaixo da média"
197,"Gabrielly Barros",Alimentos,"Abaixo da média"
305,"Luna das Neves",Alimentos,"Abaixo da média"
18,"Mariana Teixeira",Alimentos,"Abaixo da média"
313,"Lorenzo Novaes",Alimentos,"Abaixo da média"
34,"Maria Clara das Neves",Alimentos,"Abaixo da média"
165,"Ana Carolina da Paz",Alimentos,"Abaixo da média"
351,"Dr. Matheus da Cunha",Alimentos,"Abaixo da média"
39,"Stephany Peixoto",Alimentos,"Abaixo da média"
222,"Srta. Mariana Sales",Alimentos,"Abaixo da média"
221,"Pietro Porto",Alimentos,"Abaixo da média"
180,"Amanda Rezende",Alimentos,"Abaixo da média"
256,"Marcelo da Conceição",Alimentos,"Abaixo da média"
294,"Dr. Vitor Gabriel Rodrigues",Alimentos,"Abaixo da média"
30,"Ana Júlia da Costa",Alimentos,"Abaixo da média"
384,"Bruno Moraes",Alimentos,"Abaixo da média"
387,"Miguel Melo",Alimentos,"Abaixo da média"
42,"Nicole Cavalcanti",Alimentos,"Abaixo da média"
369,"Marcelo Monteiro",Alimentos,"Abaixo da média"
274,"Rodrigo Oliveira",Alimentos,"Abaixo da média"
228,"Dra. Lorena Fernandes",Alimentos,"Abaixo da média"
54,"Cauê Silva",Alimentos,"Abaixo da média"
123,"Isadora Teixeira",Alimentos,"Abaixo da média"
302,"Mariana Melo",Alimentos,"Abaixo da média"
67,"Juliana Castro",Alimentos,"Abaixo da média"
210,"Dr. João Gabriel da Cruz",Alimentos,"Abaixo da média"
75,"Bruna Ferreira",Alimentos,"Abaixo da média"
38,"Alice Aragão",Alimentos,"Abaixo da média"
322,"Dr. Kevin Novaes",Alimentos,"Abaixo da média"
167,"André Santos",Alimentos,"Abaixo da média"
260,"Maysa Santos",Alimentos,"Abaixo da média"
158,"Fernando Ferreira",Alimentos,"Abaixo da média"
390,"Luiz Henrique Gomes",Alimentos,"Abaixo da média"
286,"Sra. Alana Caldeira",Alimentos,"Abaixo da média"
27,"Breno da Luz",Alimentos,"Abaixo da média"
9,"Danilo Gonçalves",Alimentos,"Abaixo da média"
73,"Kaique Sales",Alimentos,"Abaixo da média"
297,"Melissa Pereira",Alimentos,"Abaixo da média"
341,"Cecília Nascimento",Automotivos,"Acima da média"
164,"Sra. Laura Dias",Automotivos,"Acima da média"
111,"Dr. Thales Silveira",Automotivos,"Acima da média"
139,"Sr. Diego Azevedo",Automotivos,"Acima da média"
370,"Levi Monteiro",Automotivos,"Acima da média"
176,"Daniel Teixeira",Automotivos,"Acima da média"
109,"Sophia Silveira",Automotivos,"Acima da média"
36,"Olivia Moreira",Automotivos,"Acima da média"
167,"André Santos",Automotivos,"Acima da média"
166,"Mariana Alves",Automotivos,"Acima da média"
360,"Kaique Aragão",Automotivos,"Acima da média"
156,"João Pedro Carvalho",Automotivos,"Acima da média"
169,"Sabrina Ferreira",Automotivos,"Acima da média"
212,"Dr. Gustavo Peixoto",Automotivos,"Acima da média"
49,"Samuel Porto",Automotivos,"Acima da média"
219,"Davi Lucas Mendes",Automotivos,"Acima da média"
305,"Luna das Neves",Automotivos,"Acima da média"
184,"Benjamin da Luz",Automotivos,"Acima da média"
85,"Eduarda da Mota",Automotivos,"Acima da média"
19,"Isis Pires",Automotivos,"Acima da média"
300,"Sofia Fernandes",Automotivos,"Acima da média"
311,"Thales da Luz",Automotivos,"Acima da média"
163,"João Pedro Gonçalves",Automotivos,"Acima da média"
221,"Pietro Porto",Automotivos,"Acima da média"
257,"Bryan Santos",Automotivos,"Acima da média"
355,"Luiz Henrique Moura",Automotivos,"Acima da média"
252,"Bryan Caldeira",Automotivos,"Abaixo da média"
359,"Marcos Vinicius Almeida",Automotivos,"Abaixo da média"
372,"Luiz Henrique Cavalcanti",Automotivos,"Abaixo da média"
263,"Sr. João Miguel da Luz",Automotivos,"Abaixo da média"
132,"Sr. Guilherme Silveira",Automotivos,"Abaixo da média"
310,"Luigi Campos",Automotivos,"Abaixo da média"
125,"Joaquim Gonçalves",Automotivos,"Abaixo da média"
309,"Leonardo Gonçalves",Automotivos,"Abaixo da média"
27,"Breno da Luz",Automotivos,"Abaixo da média"
90,"Erick Monteiro",Automotivos,"Abaixo da média"
262,"Theo Barbosa",Automotivos,"Abaixo da média"
377,"Murilo Barros",Automotivos,"Abaixo da média"
47,"Isabel Alves",Automotivos,"Abaixo da média"
107,"Dr. Rodrigo Silveira",Automotivos,"Abaixo da média"
114,"Pedro Henrique Rodrigues",Automotivos,"Abaixo da média"
187,"Thales Ferreira",Automotivos,"Abaixo da média"
304,"Sra. Letícia Correia",Automotivos,"Abaixo da média"
180,"Amanda Rezende",Automotivos,"Abaixo da média"
14,"Isis Gomes",Automotivos,"Abaixo da média"
292,"Vitor Gabriel Moreira",Automotivos,"Abaixo da média"
344,"Luiz Felipe Souza",Automotivos,"Abaixo da média"
30,"Ana Júlia da Costa",Automotivos,"Abaixo da média"
267,"Isabella Nascimento",Automotivos,"Abaixo da média"
289,"Bruno Nunes",Automotivos,"Abaixo da média"
44,"Esther Santos",Automotivos,"Abaixo da média"
294,"Dr. Vitor Gabriel Rodrigues",Automotivos,"Abaixo da média"
179,"Leonardo Silva",Automotivos,"Abaixo da média"
79,"Marcela Pereira",Automotivos,"Abaixo da média"
173,"Enrico Araújo",Automotivos,"Abaixo da média"
200,"Pedro Lucas Vieira",Automotivos,"Abaixo da média"
197,"Gabrielly Barros",Automotivos,"Abaixo da média"
332,"Agatha Jesus",Automotivos,"Abaixo da média"
218,"Isabella Ferreira",Automotivos,"Abaixo da média"
259,"Vitória da Rosa",Automotivos,"Abaixo da média"
325,"Antônio Oliveira",Automotivos,"Abaixo da média"
161,"Nathan da Cunha",Automotivos,"Abaixo da média"
313,"Lorenzo Novaes",Automotivos,"Abaixo da média"
378,"Agatha Campos",Automotivos,"Abaixo da média"
60,"Dr. Breno da Mota",Automotivos,"Abaixo da média"
34,"Maria Clara das Neves",Automotivos,"Abaixo da média"
390,"Luiz Henrique Gomes",Automotivos,"Abaixo da média"
70,"Vitor Gabriel Costa",Automotivos,"Abaixo da média"
101,"Srta. Bianca Nogueira",Automotivos,"Abaixo da média"
382,"Maria da Cruz",Automotivos,"Abaixo da média"
337,"Sra. Esther Santos",Automotivos,"Abaixo da média"
74,"Emanuelly Correia",Automotivos,"Abaixo da média"
239,"Ana Laura da Rocha",Automotivos,"Abaixo da média"
64,"Sr. Leonardo Nunes",Automotivos,"Abaixo da média"
129,"Emilly Rocha",Automotivos,"Abaixo da média"
121,"Cecília Nunes",Automotivos,"Abaixo da média"
381,"Sabrina Melo",Automotivos,"Abaixo da média"
2,"Levi Cavalcanti",Automotivos,"Abaixo da média"
158,"Fernando Ferreira",Automotivos,"Abaixo da média"
248,"João Pedro Ferreira",Automotivos,"Abaixo da média"
321,"Evelyn Costa",Automotivos,"Abaixo da média"
231,"Pedro Henrique da Rosa",Automotivos,"Abaixo da média"
281,"Brenda Nascimento",Automotivos,"Abaixo da média"
230,"Erick Viana",Automotivos,"Abaixo da média"
282,"Ana Luiza Peixoto",Automotivos,"Abaixo da média"
388,"Srta. Maria Luiza Ramos",Automotivos,"Abaixo da média"
171,"Rafaela Barros",Automotivos,"Abaixo da média"
81,"Diogo Sales",Automotivos,"Abaixo da média"
222,"Srta. Mariana Sales",Automotivos,"Abaixo da média"
384,"Bruno Moraes",Automotivos,"Abaixo da média"
272,"Miguel Cardoso",Automotivos,"Abaixo da média"
214,"Helena Pires",Automotivos,"Abaixo da média"
165,"Ana Carolina da Paz",Automotivos,"Abaixo da média"
348,"Luiz Otávio Fogaça",Bebidas,"Acima da média"
156,"João Pedro Carvalho",Bebidas,"Acima da média"
218,"Isabella Ferreira",Bebidas,"Acima da média"
128,"Luiz Henrique Farias",Bebidas,"Acima da média"
95,"Sr. Calebe das Neves",Bebidas,"Acima da média"
349,"Isabella Moura",Bebidas,"Acima da média"
299,"Augusto Sales",Bebidas,"Acima da média"
129,"Emilly Rocha",Bebidas,"Acima da média"
249,"Pedro da Cunha",Bebidas,"Acima da média"
36,"Olivia Moreira",Bebidas,"Acima da média"
87,"Milena Cardoso",Bebidas,"Acima da média"
46,"Isis da Paz",Bebidas,"Acima da média"
294,"Dr. Vitor Gabriel Rodrigues",Bebidas,"Acima da média"
104,"Paulo Alves",Bebidas,"Acima da média"
383,"Ana Laura Azevedo",Bebidas,"Acima da média"
206,"Benjamin Ramos",Bebidas,"Acima da média"
193,"Isis Nunes",Bebidas,"Acima da média"
260,"Maysa Santos",Bebidas,"Acima da média"
264,"Heloísa Mendes",Bebidas,"Acima da média"
321,"Evelyn Costa",Bebidas,"Acima da média"
111,"Dr. Thales Silveira",Bebidas,"Acima da média"
2,"Levi Cavalcanti",Bebidas,"Acima da média"
285,"Noah Ferreira",Bebidas,"Acima da média"
302,"Mariana Melo",Bebidas,"Abaixo da média"
231,"Pedro Henrique da Rosa",Bebidas,"Abaixo da média"
247,"Sabrina Cunha",Bebidas,"Abaixo da média"
327,"Luiz Miguel da Rosa",Bebidas,"Abaixo da média"
308,"Gabriela Campos",Bebidas,"Abaixo da média"
307,"Luiz Fernando Cavalcanti",Bebidas,"Abaixo da média"
67,"Juliana Castro",Bebidas,"Abaixo da média"
43,"Luiza Azevedo",Bebidas,"Abaixo da média"
139,"Sr. Diego Azevedo",Bebidas,"Abaixo da média"
281,"Brenda Nascimento",Bebidas,"Abaixo da média"
245,"Nathan Azevedo",Bebidas,"Abaixo da média"
173,"Enrico Araújo",Bebidas,"Abaixo da média"
303,"Nina das Neves",Bebidas,"Abaixo da média"
148,"Isabel Fogaça",Bebidas,"Abaixo da média"
267,"Isabella Nascimento",Bebidas,"Abaixo da média"
266,"Gustavo Henrique da Paz",Bebidas,"Abaixo da média"
278,"Dra. Gabrielly Porto",Bebidas,"Abaixo da média"
347,"Sr. João Felipe Souza",Bebidas,"Abaixo da média"
204,"Dr. Henrique Freitas",Bebidas,"Abaixo da média"
371,"Bernardo Costela",Bebidas,"Abaixo da média"
76,"Gabriela Azevedo",Bebidas,"Abaixo da média"
133,"Sr. Bruno Araújo",Bebidas,"Abaixo da média"
130,"Cecília Moura",Bebidas,"Abaixo da média"
32,"João Gabriel Pires",Bebidas,"Abaixo da média"
154,"Sophia Cardoso",Bebidas,"Abaixo da média"
19,"Isis Pires",Bebidas,"Abaixo da média"
94,"Mariana Nogueira",Bebidas,"Abaixo da média"
355,"Luiz Henrique Moura",Bebidas,"Abaixo da média"
55,"Luiz Miguel Costa",Bebidas,"Abaixo da média"
312,"Dr. Danilo Freitas",Bebidas,"Abaixo da média"
124,"Srta. Marcela Moreira",Bebidas,"Abaixo da média"
107,"Dr. Rodrigo Silveira",Bebidas,"Abaixo da média"
47,"Isabel Alves",Bebidas,"Abaixo da média"
322,"Dr. Kevin Novaes",Bebidas,"Abaixo da média"
254,"Luiz Gustavo da Mota",Bebidas,"Abaixo da média"
263,"Sr. João Miguel da Luz",Bebidas,"Abaixo da média"
81,"Diogo Sales",Bebidas,"Abaixo da média"
45,"Pedro Henrique Vieira",Bebidas,"Abaixo da média"
134,"Gabriela Almeida",Bebidas,"Abaixo da média"
203,"Ana Vitória Lima",Bebidas,"Abaixo da média"
18,"Mariana Teixeira",Bebidas,"Abaixo da média"
365,"Sophie Aragão",Bebidas,"Abaixo da média"
191,"Maitê Farias",Bebidas,"Abaixo da média"
52,"Clarice Rocha",Bebidas,"Abaixo da média"
80,"Maria Clara Azevedo",Bebidas,"Abaixo da média"
77,"Francisco Vieira",Bebidas,"Abaixo da média"
224,"Enzo Aragão",Bebidas,"Abaixo da média"
381,"Sabrina Melo",Bebidas,"Abaixo da média"
64,"Sr. Leonardo Nunes",Bebidas,"Abaixo da média"
246,"Leandro Nascimento",Bebidas,"Abaixo da média"
210,"Dr. João Gabriel da Cruz",Bebidas,"Abaixo da média"
209,"Luiz Miguel Nogueira",Bebidas,"Abaixo da média"
222,"Srta. Mariana Sales",Bebidas,"Abaixo da média"
24,"Augusto Nascimento",Bebidas,"Abaixo da média"
265,"Luiz Miguel Monteiro",Bebidas,"Abaixo da média"
251,"Isaac da Cunha",Bebidas,"Abaixo da média"
388,"Srta. Maria Luiza Ramos",Bebidas,"Abaixo da média"
192,"Raquel Lima",Bebidas,"Abaixo da média"
150,"Anthony Oliveira",Bebidas,"Abaixo da média"
136,"Yasmin Lopes",Bebidas,"Abaixo da média"
304,"Sra. Letícia Correia",Bebidas,"Abaixo da média"
382,"Maria da Cruz",Bebidas,"Abaixo da média"
263,"Sr. João Miguel da Luz",Brinquedos,"Acima da média"
27,"Breno da Luz",Brinquedos,"Acima da média"
128,"Luiz Henrique Farias",Brinquedos,"Acima da média"
380,"Antônio Ferreira",Brinquedos,"Acima da média"
59,"Isabella Cardoso",Brinquedos,"Acima da média"
368,"Cauê Ribeiro",Brinquedos,"Acima da média"
77,"Francisco Vieira",Brinquedos,"Acima da média"
81,"Diogo Sales",Brinquedos,"Acima da média"
366,"Lucca da Mota",Brinquedos,"Acima da média"
142,"Clarice Peixoto",Brinquedos,"Acima da média"
348,"Luiz Otávio Fogaça",Brinquedos,"Acima da média"
218,"Isabella Ferreira",Brinquedos,"Acima da média"
271,"Sofia Oliveira",Brinquedos,"Acima da média"
94,"Mariana Nogueira",Brinquedos,"Acima da média"
230,"Erick Viana",Brinquedos,"Acima da média"
221,"Pietro Porto",Brinquedos,"Acima da média"
155,"Bárbara Teixeira",Brinquedos,"Acima da média"
347,"Sr. João Felipe Souza",Brinquedos,"Acima da média"
167,"André Santos",Brinquedos,"Acima da média"
64,"Sr. Leonardo Nunes",Brinquedos,"Acima da média"
316,"Diogo da Paz",Brinquedos,"Acima da média"
239,"Ana Laura da Rocha",Brinquedos,"Acima da média"
370,"Levi Monteiro",Brinquedos,"Acima da média"
67,"Juliana Castro",Brinquedos,"Acima da média"
15,"Dr. Gabriel Ferreira",Brinquedos,"Acima da média"
111,"Dr. Thales Silveira",Brinquedos,"Acima da média"
182,"Vitor Hugo Fogaça",Brinquedos,"Acima da média"
282,"Ana Luiza Peixoto",Brinquedos,"Acima da média"
18,"Mariana Teixeira",Brinquedos,"Acima da média"
226,"Laura Mendes",Brinquedos,"Acima da média"
206,"Benjamin Ramos",Brinquedos,"Acima da média"
107,"Dr. Rodrigo Silveira",Brinquedos,"Acima da média"
296,"Juan Melo",Brinquedos,"Acima da média"
388,"Srta. Maria Luiza Ramos",Brinquedos,"Acima da média"
53,"Thiago Campos",Brinquedos,"Acima da média"
323,"Marcelo Barbosa",Brinquedos,"Abaixo da média"
241,"Kevin Ferreira",Brinquedos,"Abaixo da média"
320,"Breno Monteiro",Brinquedos,"Abaixo da média"
63,"Elisa da Costa",Brinquedos,"Abaixo da média"
278,"Dra. Gabrielly Porto",Brinquedos,"Abaixo da média"
325,"Antônio Oliveira",Brinquedos,"Abaixo da média"
231,"Pedro Henrique da Rosa",Brinquedos,"Abaixo da média"
165,"Ana Carolina da Paz",Brinquedos,"Abaixo da média"
48,"Samuel da Mota",Brinquedos,"Abaixo da média"
219,"Davi Lucas Mendes",Brinquedos,"Abaixo da média"
179,"Leonardo Silva",Brinquedos,"Abaixo da média"
197,"Gabrielly Barros",Brinquedos,"Abaixo da média"
267,"Isabella Nascimento",Brinquedos,"Abaixo da média"
350,"Sra. Lorena Rodrigues",Brinquedos,"Abaixo da média"
36,"Olivia Moreira",Brinquedos,"Abaixo da média"
251,"Isaac da Cunha",Brinquedos,"Abaixo da média"
343,"Maria Clara Moreira",Brinquedos,"Abaixo da média"
132,"Sr. Guilherme Silveira",Brinquedos,"Abaixo da média"
326,"Pedro Henrique Almeida",Brinquedos,"Abaixo da média"
175,"Rafael Barros",Brinquedos,"Abaixo da média"
378,"Agatha Campos",Brinquedos,"Abaixo da média"
204,"Dr. Henrique Freitas",Brinquedos,"Abaixo da média"
158,"Fernando Ferreira",Brinquedos,"Abaixo da média"
110,"Srta. Ana Luiza Duarte",Brinquedos,"Abaixo da média"
139,"Sr. Diego Azevedo",Brinquedos,"Abaixo da média"
365,"Sophie Aragão",Brinquedos,"Abaixo da média"
124,"Srta. Marcela Moreira",Brinquedos,"Abaixo da média"
259,"Vitória da Rosa",Brinquedos,"Abaixo da média"
236,"Theo Castro",Brinquedos,"Abaixo da média"
85,"Eduarda da Mota",Brinquedos,"Abaixo da média"
329,"Rafael Lopes",Brinquedos,"Abaixo da média"
89,"Davi Lucca Pinto",Brinquedos,"Abaixo da média"
351,"Dr. Matheus da Cunha",Brinquedos,"Abaixo da média"
4,"Daniel Barbosa",Brinquedos,"Abaixo da média"
379,"Bárbara Monteiro",Brinquedos,"Abaixo da média"
122,"João Vitor Ramos",Brinquedos,"Abaixo da média"
10,"João Gabriel Moura",Brinquedos,"Abaixo da média"
187,"Thales Ferreira",Brinquedos,"Abaixo da média"
227,"Laís Barros",Brinquedos,"Abaixo da média"
41,"Maria da Conceição",Brinquedos,"Abaixo da média"
9,"Danilo Gonçalves",Brinquedos,"Abaixo da média"
293,"Lorena da Mata",Brinquedos,"Abaixo da média"
341,"Cecília Nascimento",Brinquedos,"Abaixo da média"
153,"Cauê da Rocha",Brinquedos,"Abaixo da média"
196,"Manuela Gomes",Brinquedos,"Abaixo da média"
300,"Sofia Fernandes",Brinquedos,"Abaixo da média"
257,"Bryan Santos",Brinquedos,"Abaixo da média"
318,"João Guilherme Silva",Brinquedos,"Abaixo da média"
178,"Srta. Ana Laura da Paz",Brinquedos,"Abaixo da média"
74,"Emanuelly Correia",Brinquedos,"Abaixo da média"
305,"Luna das Neves",Brinquedos,"Abaixo da média"
34,"Maria Clara das Neves",Brinquedos,"Abaixo da média"
367,"Isaac da Mota",Brinquedos,"Abaixo da média"
374,"Francisco Fernandes",Brinquedos,"Abaixo da média"
252,"Bryan Caldeira",Calçados,"Acima da média"
16,"Luiz Fernando da Rocha",Calçados,"Acima da média"
156,"João Pedro Carvalho",Calçados,"Acima da média"
57,"Erick Mendes",Calçados,"Acima da média"
246,"Leandro Nascimento",Calçados,"Acima da média"
286,"Sra. Alana Caldeira",Calçados,"Acima da média"
323,"Marcelo Barbosa",Calçados,"Acima da média"
332,"Agatha Jesus",Calçados,"Acima da média"
282,"Ana Luiza Peixoto",Calçados,"Acima da média"
382,"Maria da Cruz",Calçados,"Acima da média"
151,"Samuel Souza",Calçados,"Acima da média"
376,"Ana Vitória da Mata",Calçados,"Acima da média"
225,"Ana Beatriz Duarte",Calçados,"Acima da média"
183,"Sr. Luiz Felipe Silva",Calçados,"Acima da média"
264,"Heloísa Mendes",Calçados,"Acima da média"
81,"Diogo Sales",Calçados,"Acima da média"
351,"Dr. Matheus da Cunha",Calçados,"Acima da média"
197,"Gabrielly Barros",Calçados,"Acima da média"
224,"Enzo Aragão",Calçados,"Acima da média"
390,"Luiz Henrique Gomes",Calçados,"Acima da média"
292,"Vitor Gabriel Moreira",Calçados,"Acima da média"
278,"Dra. Gabrielly Porto",Calçados,"Acima da média"
100,"Ana Vitória Azevedo",Calçados,"Acima da média"
22,"Bianca Silva",Calçados,"Acima da média"
51,"Agatha Fogaça",Calçados,"Acima da média"
182,"Vitor Hugo Fogaça",Calçados,"Acima da média"
307,"Luiz Fernando Cavalcanti",Calçados,"Acima da média"
380,"Antônio Ferreira",Calçados,"Acima da média"
287,"Emanuelly Teixeira",Calçados,"Acima da média"
202,"Isabella Silva",Calçados,"Acima da média"
325,"Antônio Oliveira",Calçados,"Acima da média"
322,"Dr. Kevin Novaes",Calçados,"Acima da média"
248,"João Pedro Ferreira",Calçados,"Abaixo da média"
21,"Thiago Almeida",Calçados,"Abaixo da média"
18,"Mariana Teixeira",Calçados,"Abaixo da média"
229,"Alexia Castro",Calçados,"Abaixo da média"
139,"Sr. Diego Azevedo",Calçados,"Abaixo da média"
251,"Isaac da Cunha",Calçados,"Abaixo da média"
167,"André Santos",Calçados,"Abaixo da média"
236,"Theo Castro",Calçados,"Abaixo da média"
39,"Stephany Peixoto",Calçados,"Abaixo da média"
95,"Sr. Calebe das Neves",Calçados,"Abaixo da média"
152,"Ana Beatriz Souza",Calçados,"Abaixo da média"
355,"Luiz Henrique Moura",Calçados,"Abaixo da média"
23,"Maria Freitas",Calçados,"Abaixo da média"
273,"Marcela Duarte",Calçados,"Abaixo da média"
9,"Danilo Gonçalves",Calçados,"Abaixo da média"
79,"Marcela Pereira",Calçados,"Abaixo da média"
70,"Vitor Gabriel Costa",Calçados,"Abaixo da média"
155,"Bárbara Teixeira",Calçados,"Abaixo da média"
335,"Sarah Fernandes",Calçados,"Abaixo da média"
341,"Cecília Nascimento",Calçados,"Abaixo da média"
316,"Diogo da Paz",Calçados,"Abaixo da média"
203,"Ana Vitória Lima",Calçados,"Abaixo da média"
372,"Luiz Henrique Cavalcanti",Calçados,"Abaixo da média"
303,"Nina das Neves",Calçados,"Abaixo da média"
180,"Amanda Rezende",Calçados,"Abaixo da média"
275,"Caroline Caldeira",Calçados,"Abaixo da média"
54,"Cauê Silva",Calçados,"Abaixo da média"
298,"Pedro Henrique Nunes",Calçados,"Abaixo da média"
267,"Isabella Nascimento",Calçados,"Abaixo da média"
128,"Luiz Henrique Farias",Calçados,"Abaixo da média"
74,"Emanuelly Correia",Calçados,"Abaixo da média"
241,"Kevin Ferreira",Calçados,"Abaixo da média"
37,"Dra. Maria Cardoso",Calçados,"Abaixo da média"
83,"Alexandre da Mota",Calçados,"Abaixo da média"
315,"Kamilly das Neves",Calçados,"Abaixo da média"
27,"Breno da Luz",Calçados,"Abaixo da média"
41,"Maria da Conceição",Calçados,"Abaixo da média"
192,"Raquel Lima",Calçados,"Abaixo da média"
334,"Laura da Conceição",Calçados,"Abaixo da média"
30,"Ana Júlia da Costa",Calçados,"Abaixo da média"
367,"Isaac da Mota",Calçados,"Abaixo da média"
125,"Joaquim Gonçalves",Calçados,"Abaixo da média"
26,"João Guilherme da Rocha",Calçados,"Abaixo da média"
220,"Luiz Felipe Costa",Calçados,"Abaixo da média"
20,"Eduardo Peixoto",Calçados,"Abaixo da média"
104,"Paulo Alves",Calçados,"Abaixo da média"
314,"Luiz Fernando Souza",Calçados,"Abaixo da média"
222,"Srta. Mariana Sales",Calçados,"Abaixo da média"
373,"Carlos Eduardo Pinto",Calçados,"Abaixo da média"
186,"Gabriela da Paz",Calçados,"Abaixo da média"
33,"Rodrigo da Rosa",Calçados,"Abaixo da média"
133,"Sr. Bruno Araújo",Calçados,"Abaixo da média"
98,"Sra. Marina Azevedo",Calçados,"Abaixo da média"
266,"Gustavo Henrique da Paz",Calçados,"Abaixo da média"
28,"Augusto Moura",Calçados,"Abaixo da média"
311,"Thales da Luz",Calçados,"Abaixo da média"
388,"Srta. Maria Luiza Ramos",Calçados,"Abaixo da média"
120,"Sr. Francisco Martins",Calçados,"Abaixo da média"
122,"João Vitor Ramos",Calçados,"Abaixo da média"
193,"Isis Nunes",Calçados,"Abaixo da média"
77,"Francisco Vieira",Cosmeticos,"Acima da média"
44,"Esther Santos",Cosmeticos,"Acima da média"
85,"Eduarda da Mota",Cosmeticos,"Acima da média"
165,"Ana Carolina da Paz",Cosmeticos,"Acima da média"
17,"Daniela Cardoso",Cosmeticos,"Acima da média"
362,"Nicole Mendes",Cosmeticos,"Acima da média"
115,"Igor Caldeira",Cosmeticos,"Acima da média"
218,"Isabella Ferreira",Cosmeticos,"Acima da média"
18,"Mariana Teixeira",Cosmeticos,"Acima da média"
123,"Isadora Teixeira",Cosmeticos,"Acima da média"
138,"Francisco Viana",Cosmeticos,"Acima da média"
267,"Isabella Nascimento",Cosmeticos,"Acima da média"
182,"Vitor Hugo Fogaça",Cosmeticos,"Acima da média"
125,"Joaquim Gonçalves",Cosmeticos,"Acima da média"
274,"Rodrigo Oliveira",Cosmeticos,"Acima da média"
49,"Samuel Porto",Cosmeticos,"Acima da média"
380,"Antônio Ferreira",Cosmeticos,"Acima da média"
370,"Levi Monteiro",Cosmeticos,"Acima da média"
286,"Sra. Alana Caldeira",Cosmeticos,"Acima da média"
121,"Cecília Nunes",Cosmeticos,"Acima da média"
314,"Luiz Fernando Souza",Cosmeticos,"Acima da média"
175,"Rafael Barros",Cosmeticos,"Acima da média"
97,"Marcelo Aragão",Cosmeticos,"Acima da média"
382,"Maria da Cruz",Cosmeticos,"Acima da média"
185,"Diego Costela",Cosmeticos,"Acima da média"
301,"Ian Cardoso",Cosmeticos,"Acima da média"
150,"Anthony Oliveira",Cosmeticos,"Acima da média"
347,"Sr. João Felipe Souza",Cosmeticos,"Acima da média"
316,"Diogo da Paz",Cosmeticos,"Abaixo da média"
250,"Esther Rocha",Cosmeticos,"Abaixo da média"
19,"Isis Pires",Cosmeticos,"Abaixo da média"
144,"Fernanda Castro",Cosmeticos,"Abaixo da média"
137,"Alexandre Mendes",Cosmeticos,"Abaixo da média"
33,"Rodrigo da Rosa",Cosmeticos,"Abaixo da média"
313,"Lorenzo Novaes",Cosmeticos,"Abaixo da média"
249,"Pedro da Cunha",Cosmeticos,"Abaixo da média"
262,"Theo Barbosa",Cosmeticos,"Abaixo da média"
219,"Davi Lucas Mendes",Cosmeticos,"Abaixo da média"
273,"Marcela Duarte",Cosmeticos,"Abaixo da média"
174,"Rafaela Peixoto",Cosmeticos,"Abaixo da média"
122,"João Vitor Ramos",Cosmeticos,"Abaixo da média"
27,"Breno da Luz",Cosmeticos,"Abaixo da média"
304,"Sra. Letícia Correia",Cosmeticos,"Abaixo da média"
22,"Bianca Silva",Cosmeticos,"Abaixo da média"
177,"Bernardo Lopes",Cosmeticos,"Abaixo da média"
308,"Gabriela Campos",Cosmeticos,"Abaixo da média"
212,"Dr. Gustavo Peixoto",Cosmeticos,"Abaixo da média"
340,"Marcela Moura",Cosmeticos,"Abaixo da média"
280,"Renan da Mota",Cosmeticos,"Abaixo da média"
155,"Bárbara Teixeira",Cosmeticos,"Abaixo da média"
214,"Helena Pires",Cosmeticos,"Abaixo da média"
373,"Carlos Eduardo Pinto",Cosmeticos,"Abaixo da média"
246,"Leandro Nascimento",Cosmeticos,"Abaixo da média"
236,"Theo Castro",Cosmeticos,"Abaixo da média"
229,"Alexia Castro",Cosmeticos,"Abaixo da média"
146,"Maria Fernanda Vieira",Cosmeticos,"Abaixo da média"
58,"Alexandre Vieira",Cosmeticos,"Abaixo da média"
81,"Diogo Sales",Cosmeticos,"Abaixo da média"
334,"Laura da Conceição",Cosmeticos,"Abaixo da média"
294,"Dr. Vitor Gabriel Rodrigues",Cosmeticos,"Abaixo da média"
202,"Isabella Silva",Cosmeticos,"Abaixo da média"
207,"Nicolas Castro",Cosmeticos,"Abaixo da média"
32,"João Gabriel Pires",Cosmeticos,"Abaixo da média"
104,"Paulo Alves",Cosmeticos,"Abaixo da média"
74,"Emanuelly Correia",Cosmeticos,"Abaixo da média"
264,"Heloísa Mendes",Cosmeticos,"Abaixo da média"
110,"Srta. Ana Luiza Duarte",Cosmeticos,"Abaixo da média"
232,"Sr. Yuri Correia",Cosmeticos,"Abaixo da média"
296,"Juan Melo",Cosmeticos,"Abaixo da média"
57,"Erick Mendes",Cosmeticos,"Abaixo da média"
82,"Emanuel Vieira",Cosmeticos,"Abaixo da média"
322,"Dr. Kevin Novaes",Cosmeticos,"Abaixo da média"
1,"Andre Santos Goncalves",Cosmeticos,"Abaixo da média"
161,"Nathan da Cunha",Cosmeticos,"Abaixo da média"
114,"Pedro Henrique Rodrigues",Cosmeticos,"Abaixo da média"
59,"Isabella Cardoso",Cosmeticos,"Abaixo da média"
349,"Isabella Moura",Cosmeticos,"Abaixo da média"
154,"Sophia Cardoso",Cosmeticos,"Abaixo da média"
73,"Kaique Sales",Cosmeticos,"Abaixo da média"
200,"Pedro Lucas Vieira",Cosmeticos,"Abaixo da média"
191,"Maitê Farias",Cosmeticos,"Abaixo da média"
41,"Maria da Conceição",Cosmeticos,"Abaixo da média"
259,"Vitória da Rosa",Cosmeticos,"Abaixo da média"
337,"Sra. Esther Santos",Cosmeticos,"Abaixo da média"
309,"Leonardo Gonçalves",Cosmeticos,"Abaixo da média"
180,"Amanda Rezende",Cosmeticos,"Abaixo da média"
307,"Luiz Fernando Cavalcanti",Cosmeticos,"Abaixo da média"
368,"Cauê Ribeiro",Cosmeticos,"Abaixo da média"
126,"Gabriel Caldeira",Cosmeticos,"Abaixo da média"
342,"Juan Peixoto",Cosmeticos,"Abaixo da média"
343,"Maria Clara Moreira",Cosmeticos,"Abaixo da média"
348,"Luiz Otávio Fogaça",Cosmeticos,"Abaixo da média"
305,"Luna das Neves",Cosmeticos,"Abaixo da média"
28,"Augusto Moura",Cosmeticos,"Abaixo da média"
239,"Ana Laura da Rocha",Cosmeticos,"Abaixo da média"
156,"João Pedro Carvalho",Cosmeticos,"Abaixo da média"
257,"Bryan Santos",Cosmeticos,"Abaixo da média"
211,"Sabrina Cardoso",Cosmeticos,"Abaixo da média"
248,"João Pedro Ferreira",Cosmeticos,"Abaixo da média"
69,"Rafael Caldeira",Cosmeticos,"Abaixo da média"
62,"Isabelly Cunha",Cosmeticos,"Abaixo da média"
360,"Kaique Aragão",Cosmeticos,"Abaixo da média"
30,"Ana Júlia da Costa",Cosmeticos,"Abaixo da média"
184,"Benjamin da Luz",Cosmeticos,"Abaixo da média"
200,"Pedro Lucas Vieira",Eletrodomésticos,"Acima da média"
369,"Marcelo Monteiro",Eletrodomésticos,"Acima da média"
122,"João Vitor Ramos",Eletrodomésticos,"Acima da média"
313,"Lorenzo Novaes",Eletrodomésticos,"Acima da média"
89,"Davi Lucca Pinto",Eletrodomésticos,"Acima da média"
262,"Theo Barbosa",Eletrodomésticos,"Acima da média"
73,"Kaique Sales",Eletrodomésticos,"Acima da média"
146,"Maria Fernanda Vieira",Eletrodomésticos,"Acima da média"
241,"Kevin Ferreira",Eletrodomésticos,"Acima da média"
27,"Breno da Luz",Eletrodomésticos,"Acima da média"
370,"Levi Monteiro",Eletrodomésticos,"Acima da média"
134,"Gabriela Almeida",Eletrodomésticos,"Acima da média"
367,"Isaac da Mota",Eletrodomésticos,"Acima da média"
252,"Bryan Caldeira",Eletrodomésticos,"Acima da média"
278,"Dra. Gabrielly Porto",Eletrodomésticos,"Acima da média"
264,"Heloísa Mendes",Eletrodomésticos,"Acima da média"
325,"Antônio Oliveira",Eletrodomésticos,"Acima da média"
126,"Gabriel Caldeira",Eletrodomésticos,"Acima da média"
9,"Danilo Gonçalves",Eletrodomésticos,"Acima da média"
219,"Davi Lucas Mendes",Eletrodomésticos,"Acima da média"
128,"Luiz Henrique Farias",Eletrodomésticos,"Acima da média"
267,"Isabella Nascimento",Eletrodomésticos,"Acima da média"
365,"Sophie Aragão",Eletrodomésticos,"Acima da média"
39,"Stephany Peixoto",Eletrodomésticos,"Acima da média"
114,"Pedro Henrique Rodrigues",Eletrodomésticos,"Acima da média"
202,"Isabella Silva",Eletrodomésticos,"Acima da média"
251,"Isaac da Cunha",Eletrodomésticos,"Acima da média"
351,"Dr. Matheus da Cunha",Eletrodomésticos,"Abaixo da média"
341,"Cecília Nascimento",Eletrodomésticos,"Abaixo da média"
106,"Luiz Felipe Rodrigues",Eletrodomésticos,"Abaixo da média"
309,"Leonardo Gonçalves",Eletrodomésticos,"Abaixo da média"
124,"Srta. Marcela Moreira",Eletrodomésticos,"Abaixo da média"
224,"Enzo Aragão",Eletrodomésticos,"Abaixo da média"
311,"Thales da Luz",Eletrodomésticos,"Abaixo da média"
96,"Valentina Moura",Eletrodomésticos,"Abaixo da média"
317,"Gustavo Henrique Cavalcanti",Eletrodomésticos,"Abaixo da média"
340,"Marcela Moura",Eletrodomésticos,"Abaixo da média"
21,"Thiago Almeida",Eletrodomésticos,"Abaixo da média"
344,"Luiz Felipe Souza",Eletrodomésticos,"Abaixo da média"
316,"Diogo da Paz",Eletrodomésticos,"Abaixo da média"
332,"Agatha Jesus",Eletrodomésticos,"Abaixo da média"
204,"Dr. Henrique Freitas",Eletrodomésticos,"Abaixo da média"
150,"Anthony Oliveira",Eletrodomésticos,"Abaixo da média"
321,"Evelyn Costa",Eletrodomésticos,"Abaixo da média"
60,"Dr. Breno da Mota",Eletrodomésticos,"Abaixo da média"
152,"Ana Beatriz Souza",Eletrodomésticos,"Abaixo da média"
327,"Luiz Miguel da Rosa",Eletrodomésticos,"Abaixo da média"
109,"Sophia Silveira",Eletrodomésticos,"Abaixo da média"
230,"Erick Viana",Eletrodomésticos,"Abaixo da média"
276,"Bianca Martins",Eletrodomésticos,"Abaixo da média"
293,"Lorena da Mata",Eletrodomésticos,"Abaixo da média"
299,"Augusto Sales",Eletrodomésticos,"Abaixo da média"
384,"Bruno Moraes",Eletrodomésticos,"Abaixo da média"
183,"Sr. Luiz Felipe Silva",Eletrodomésticos,"Abaixo da média"
326,"Pedro Henrique Almeida",Eletrodomésticos,"Abaixo da média"
136,"Yasmin Lopes",Eletrodomésticos,"Abaixo da média"
188,"Maysa Rezende",Eletrodomésticos,"Abaixo da média"
348,"Luiz Otávio Fogaça",Eletrodomésticos,"Abaixo da média"
228,"Dra. Lorena Fernandes",Eletrodomésticos,"Abaixo da média"
347,"Sr. João Felipe Souza",Eletrodomésticos,"Abaixo da média"
19,"Isis Pires",Eletrodomésticos,"Abaixo da média"
148,"Isabel Fogaça",Eletrodomésticos,"Abaixo da média"
6,"André Pires",Eletrodomésticos,"Abaixo da média"
300,"Sofia Fernandes",Eletrodomésticos,"Abaixo da média"
207,"Nicolas Castro",Eletrodomésticos,"Abaixo da média"
175,"Rafael Barros",Eletrodomésticos,"Abaixo da média"
301,"Ian Cardoso",Eletrodomésticos,"Abaixo da média"
28,"Augusto Moura",Eletrodomésticos,"Abaixo da média"
94,"Mariana Nogueira",Eletrodomésticos,"Abaixo da média"
261,"Alexandre Alves",Eletrodomésticos,"Abaixo da média"
177,"Bernardo Lopes",Eletrodomésticos,"Abaixo da média"
115,"Igor Caldeira",Eletrodomésticos,"Abaixo da média"
17,"Daniela Cardoso",Eletrodomésticos,"Abaixo da média"
12,"Enrico Araújo",Eletrodomésticos,"Abaixo da média"
145,"Luiz Felipe Costa",Eletrodomésticos,"Abaixo da média"
273,"Marcela Duarte",Eletrodomésticos,"Abaixo da média"
63,"Elisa da Costa",Eletrodomésticos,"Abaixo da média"
285,"Noah Ferreira",Eletrodomésticos,"Abaixo da média"
378,"Agatha Campos",Eletrodomésticos,"Abaixo da média"
164,"Sra. Laura Dias",Eletrodomésticos,"Abaixo da média"
52,"Clarice Rocha",Eletrodomésticos,"Abaixo da média"
70,"Vitor Gabriel Costa",Eletrodomésticos,"Abaixo da média"
222,"Srta. Mariana Sales",Eletrodomésticos,"Abaixo da média"
210,"Dr. João Gabriel da Cruz",Eletrodomésticos,"Abaixo da média"
75,"Bruna Ferreira",Eletrodomésticos,"Abaixo da média"
184,"Benjamin da Luz",Eletrodomésticos,"Abaixo da média"
187,"Thales Ferreira",Eletrodomésticos,"Abaixo da média"
195,"Ana Sophia Nogueira",Eletrodomésticos,"Abaixo da média"
158,"Fernando Ferreira",Eletrônicos,"Acima da média"
109,"Sophia Silveira",Eletrônicos,"Acima da média"
128,"Luiz Henrique Farias",Eletrônicos,"Acima da média"
321,"Evelyn Costa",Eletrônicos,"Acima da média"
293,"Lorena da Mata",Eletrônicos,"Acima da média"
171,"Rafaela Barros",Eletrônicos,"Acima da média"
95,"Sr. Calebe das Neves",Eletrônicos,"Acima da média"
58,"Alexandre Vieira",Eletrônicos,"Acima da média"
152,"Ana Beatriz Souza",Eletrônicos,"Acima da média"
378,"Agatha Campos",Eletrônicos,"Acima da média"
122,"João Vitor Ramos",Eletrônicos,"Acima da média"
22,"Bianca Silva",Eletrônicos,"Acima da média"
340,"Marcela Moura",Eletrônicos,"Acima da média"
228,"Dra. Lorena Fernandes",Eletrônicos,"Acima da média"
274,"Rodrigo Oliveira",Eletrônicos,"Acima da média"
153,"Cauê da Rocha",Eletrônicos,"Acima da média"
348,"Luiz Otávio Fogaça",Eletrônicos,"Acima da média"
267,"Isabella Nascimento",Eletrônicos,"Acima da média"
350,"Sra. Lorena Rodrigues",Eletrônicos,"Acima da média"
18,"Mariana Teixeira",Eletrônicos,"Acima da média"
237,"Ana Carolina Nogueira",Eletrônicos,"Acima da média"
260,"Maysa Santos",Eletrônicos,"Acima da média"
7,"Amanda Ferreira",Eletrônicos,"Acima da média"
47,"Isabel Alves",Eletrônicos,"Acima da média"
45,"Pedro Henrique Vieira",Eletrônicos,"Acima da média"
326,"Pedro Henrique Almeida",Eletrônicos,"Acima da média"
210,"Dr. João Gabriel da Cruz",Eletrônicos,"Acima da média"
105,"Murilo Fogaça",Eletrônicos,"Acima da média"
85,"Eduarda da Mota",Eletrônicos,"Acima da média"
120,"Sr. Francisco Martins",Eletrônicos,"Acima da média"
381,"Sabrina Melo",Eletrônicos,"Acima da média"
147,"Emanuel Costela",Eletrônicos,"Acima da média"
346,"Carlos Eduardo Lima",Eletrônicos,"Abaixo da média"
59,"Isabella Cardoso",Eletrônicos,"Abaixo da média"
132,"Sr. Guilherme Silveira",Eletrônicos,"Abaixo da média"
364,"Isaac Costa",Eletrônicos,"Abaixo da média"
42,"Nicole Cavalcanti",Eletrônicos,"Abaixo da média"
68,"Sabrina Costa",Eletrônicos,"Abaixo da média"
17,"Daniela Cardoso",Eletrônicos,"Abaixo da média"
63,"Elisa da Costa",Eletrônicos,"Abaixo da média"
133,"Sr. Bruno Araújo",Eletrônicos,"Abaixo da média"
263,"Sr. João Miguel da Luz",Eletrônicos,"Abaixo da média"
151,"Samuel Souza",Eletrônicos,"Abaixo da média"
335,"Sarah Fernandes",Eletrônicos,"Abaixo da média"
209,"Luiz Miguel Nogueira",Eletrônicos,"Abaixo da média"
338,"Yuri Correia",Eletrônicos,"Abaixo da média"
366,"Lucca da Mota",Eletrônicos,"Abaixo da média"
176,"Daniel Teixeira",Eletrônicos,"Abaixo da média"
81,"Diogo Sales",Eletrônicos,"Abaixo da média"
204,"Dr. Henrique Freitas",Eletrônicos,"Abaixo da média"
275,"Caroline Caldeira",Eletrônicos,"Abaixo da média"
86,"Caroline Cavalcanti",Eletrônicos,"Abaixo da média"
264,"Heloísa Mendes",Eletrônicos,"Abaixo da média"
10,"João Gabriel Moura",Eletrônicos,"Abaixo da média"
254,"Luiz Gustavo da Mota",Eletrônicos,"Abaixo da média"
317,"Gustavo Henrique Cavalcanti",Eletrônicos,"Abaixo da média"
240,"Juliana da Cunha",Eletrônicos,"Abaixo da média"
370,"Levi Monteiro",Eletrônicos,"Abaixo da média"
154,"Sophia Cardoso",Eletrônicos,"Abaixo da média"
21,"Thiago Almeida",Eletrônicos,"Abaixo da média"
137,"Alexandre Mendes",Eletrônicos,"Abaixo da média"
157,"Ana Laura Sales",Eletrônicos,"Abaixo da média"
252,"Bryan Caldeira",Eletrônicos,"Abaixo da média"
191,"Maitê Farias",Eletrônicos,"Abaixo da média"
226,"Laura Mendes",Eletrônicos,"Abaixo da média"
61,"Enzo Farias",Eletrônicos,"Abaixo da média"
156,"João Pedro Carvalho",Eletrônicos,"Abaixo da média"
311,"Thales da Luz",Eletrônicos,"Abaixo da média"
126,"Gabriel Caldeira",Eletrônicos,"Abaixo da média"
9,"Danilo Gonçalves",Eletrônicos,"Abaixo da média"
181,"Mariana Araújo",Eletrônicos,"Abaixo da média"
253,"Emanuel da Rosa",Eletrônicos,"Abaixo da média"
376,"Ana Vitória da Mata",Eletrônicos,"Abaixo da média"
390,"Luiz Henrique Gomes",Eletrônicos,"Abaixo da média"
361,"Ana Júlia Rocha",Eletrônicos,"Abaixo da média"
155,"Bárbara Teixeira",Eletrônicos,"Abaixo da média"
316,"Diogo da Paz",Eletrônicos,"Abaixo da média"
343,"Maria Clara Moreira",Eletrônicos,"Abaixo da média"
51,"Agatha Fogaça",Eletrônicos,"Abaixo da média"
173,"Enrico Araújo",Eletrônicos,"Abaixo da média"
182,"Vitor Hugo Fogaça",Eletrônicos,"Abaixo da média"
221,"Pietro Porto",Eletrônicos,"Abaixo da média"
188,"Maysa Rezende",Eletrônicos,"Abaixo da média"
124,"Srta. Marcela Moreira",Eletrônicos,"Abaixo da média"
38,"Alice Aragão",Eletrônicos,"Abaixo da média"
24,"Augusto Nascimento",Eletrônicos,"Abaixo da média"
216,"Yago Cavalcanti",Eletrônicos,"Abaixo da média"
146,"Maria Fernanda Vieira",Eletrônicos,"Abaixo da média"
227,"Laís Barros",Eletrônicos,"Abaixo da média"
202,"Isabella Silva",Eletrônicos,"Abaixo da média"
182,"Vitor Hugo Fogaça",Esportes,"Acima da média"
257,"Bryan Santos",Esportes,"Acima da média"
97,"Marcelo Aragão",Esportes,"Acima da média"
152,"Ana Beatriz Souza",Esportes,"Acima da média"
77,"Francisco Vieira",Esportes,"Acima da média"
194,"Thales Santos",Esportes,"Acima da média"
298,"Pedro Henrique Nunes",Esportes,"Acima da média"
317,"Gustavo Henrique Cavalcanti",Esportes,"Acima da média"
126,"Gabriel Caldeira",Esportes,"Acima da média"
271,"Sofia Oliveira",Esportes,"Acima da média"
252,"Bryan Caldeira",Esportes,"Acima da média"
210,"Dr. João Gabriel da Cruz",Esportes,"Acima da média"
251,"Isaac da Cunha",Esportes,"Acima da média"
207,"Nicolas Castro",Esportes,"Acima da média"
122,"João Vitor Ramos",Esportes,"Acima da média"
90,"Erick Monteiro",Esportes,"Acima da média"
196,"Manuela Gomes",Esportes,"Acima da média"
212,"Dr. Gustavo Peixoto",Esportes,"Acima da média"
347,"Sr. João Felipe Souza",Esportes,"Acima da média"
124,"Srta. Marcela Moreira",Esportes,"Acima da média"
104,"Paulo Alves",Esportes,"Acima da média"
181,"Mariana Araújo",Esportes,"Acima da média"
51,"Agatha Fogaça",Esportes,"Acima da média"
248,"João Pedro Ferreira",Esportes,"Acima da média"
36,"Olivia Moreira",Esportes,"Acima da média"
218,"Isabella Ferreira",Esportes,"Acima da média"
3,"Dr. Davi Lucca Costa",Esportes,"Acima da média"
9,"Danilo Gonçalves",Esportes,"Acima da média"
233,"Mariana Moura",Esportes,"Acima da média"
209,"Luiz Miguel Nogueira",Esportes,"Acima da média"
180,"Amanda Rezende",Esportes,"Acima da média"
332,"Agatha Jesus",Esportes,"Abaixo da média"
10,"João Gabriel Moura",Esportes,"Abaixo da média"
37,"Dra. Maria Cardoso",Esportes,"Abaixo da média"
314,"Luiz Fernando Souza",Esportes,"Abaixo da média"
279,"Dra. Gabrielly Oliveira",Esportes,"Abaixo da média"
150,"Anthony Oliveira",Esportes,"Abaixo da média"
98,"Sra. Marina Azevedo",Esportes,"Abaixo da média"
12,"Enrico Araújo",Esportes,"Abaixo da média"
156,"João Pedro Carvalho",Esportes,"Abaixo da média"
115,"Igor Caldeira",Esportes,"Abaixo da média"
359,"Marcos Vinicius Almeida",Esportes,"Abaixo da média"
306,"Maria Julia Nogueira",Esportes,"Abaixo da média"
47,"Isabel Alves",Esportes,"Abaixo da média"
154,"Sophia Cardoso",Esportes,"Abaixo da média"
65,"Calebe Teixeira",Esportes,"Abaixo da média"
63,"Elisa da Costa",Esportes,"Abaixo da média"
81,"Diogo Sales",Esportes,"Abaixo da média"
327,"Luiz Miguel da Rosa",Esportes,"Abaixo da média"
74,"Emanuelly Correia",Esportes,"Abaixo da média"
155,"Bárbara Teixeira",Esportes,"Abaixo da média"
263,"Sr. João Miguel da Luz",Esportes,"Abaixo da média"
382,"Maria da Cruz",Esportes,"Abaixo da média"
96,"Valentina Moura",Esportes,"Abaixo da média"
130,"Cecília Moura",Esportes,"Abaixo da média"
49,"Samuel Porto",Esportes,"Abaixo da média"
277,"Vitor Hugo Oliveira",Esportes,"Abaixo da média"
114,"Pedro Henrique Rodrigues",Esportes,"Abaixo da média"
5,"João Moraes",Esportes,"Abaixo da média"
129,"Emilly Rocha",Esportes,"Abaixo da média"
60,"Dr. Breno da Mota",Esportes,"Abaixo da média"
79,"Marcela Pereira",Esportes,"Abaixo da média"
321,"Evelyn Costa",Esportes,"Abaixo da média"
183,"Sr. Luiz Felipe Silva",Esportes,"Abaixo da média"
222,"Srta. Mariana Sales",Esportes,"Abaixo da média"
367,"Isaac da Mota",Esportes,"Abaixo da média"
48,"Samuel da Mota",Esportes,"Abaixo da média"
245,"Nathan Azevedo",Esportes,"Abaixo da média"
146,"Maria Fernanda Vieira",Esportes,"Abaixo da média"
240,"Juliana da Cunha",Esportes,"Abaixo da média"
142,"Clarice Peixoto",Esportes,"Abaixo da média"
329,"Rafael Lopes",Esportes,"Abaixo da média"
364,"Isaac Costa",Esportes,"Abaixo da média"
88,"Breno Araújo",Esportes,"Abaixo da média"
193,"Isis Nunes",Esportes,"Abaixo da média"
19,"Isis Pires",Esportes,"Abaixo da média"
318,"João Guilherme Silva",Esportes,"Abaixo da média"
214,"Helena Pires",Esportes,"Abaixo da média"
73,"Kaique Sales",Esportes,"Abaixo da média"
83,"Alexandre da Mota",Esportes,"Abaixo da média"
165,"Ana Carolina da Paz",Esportes,"Abaixo da média"
158,"Fernando Ferreira",Esportes,"Abaixo da média"
316,"Diogo da Paz",Esportes,"Abaixo da média"
18,"Mariana Teixeira",Esportes,"Abaixo da média"
239,"Ana Laura da Rocha",Esportes,"Abaixo da média"
369,"Marcelo Monteiro",Esportes,"Abaixo da média"
153,"Cauê da Rocha",Esportes,"Abaixo da média"
112,"Samuel Monteiro",Esportes,"Abaixo da média"
304,"Sra. Letícia Correia",Esportes,"Abaixo da média"
164,"Sra. Laura Dias",Esportes,"Abaixo da média"
344,"Luiz Felipe Souza",Esportes,"Abaixo da média"
59,"Isabella Cardoso",Esportes,"Abaixo da média"
310,"Luigi Campos",Esportes,"Abaixo da média"
348,"Luiz Otávio Fogaça",Ferramentas,"Acima da média"
158,"Fernando Ferreira",Ferramentas,"Acima da média"
26,"João Guilherme da Rocha",Ferramentas,"Acima da média"
327,"Luiz Miguel da Rosa",Ferramentas,"Acima da média"
111,"Dr. Thales Silveira",Ferramentas,"Acima da média"
90,"Erick Monteiro",Ferramentas,"Acima da média"
185,"Diego Costela",Ferramentas,"Acima da média"
214,"Helena Pires",Ferramentas,"Acima da média"
303,"Nina das Neves",Ferramentas,"Acima da média"
113,"Sr. Ryan Costela",Ferramentas,"Acima da média"
277,"Vitor Hugo Oliveira",Ferramentas,"Acima da média"
48,"Samuel da Mota",Ferramentas,"Acima da média"
171,"Rafaela Barros",Ferramentas,"Acima da média"
31,"Milena da Paz",Ferramentas,"Acima da média"
372,"Luiz Henrique Cavalcanti",Ferramentas,"Acima da média"
347,"Sr. João Felipe Souza",Ferramentas,"Acima da média"
390,"Luiz Henrique Gomes",Ferramentas,"Acima da média"
273,"Marcela Duarte",Ferramentas,"Acima da média"
137,"Alexandre Mendes",Ferramentas,"Acima da média"
95,"Sr. Calebe das Neves",Ferramentas,"Acima da média"
231,"Pedro Henrique da Rosa",Ferramentas,"Acima da média"
366,"Lucca da Mota",Ferramentas,"Acima da média"
6,"André Pires",Ferramentas,"Acima da média"
182,"Vitor Hugo Fogaça",Ferramentas,"Acima da média"
120,"Sr. Francisco Martins",Ferramentas,"Acima da média"
54,"Cauê Silva",Ferramentas,"Acima da média"
101,"Srta. Bianca Nogueira",Ferramentas,"Acima da média"
122,"João Vitor Ramos",Ferramentas,"Acima da média"
368,"Cauê Ribeiro",Ferramentas,"Acima da média"
139,"Sr. Diego Azevedo",Ferramentas,"Acima da média"
244,"Dra. Lorena Souza",Ferramentas,"Acima da média"
163,"João Pedro Gonçalves",Ferramentas,"Acima da média"
51,"Agatha Fogaça",Ferramentas,"Acima da média"
148,"Isabel Fogaça",Ferramentas,"Acima da média"
316,"Diogo da Paz",Ferramentas,"Abaixo da média"
286,"Sra. Alana Caldeira",Ferramentas,"Abaixo da média"
341,"Cecília Nascimento",Ferramentas,"Abaixo da média"
30,"Ana Júlia da Costa",Ferramentas,"Abaixo da média"
229,"Alexia Castro",Ferramentas,"Abaixo da média"
34,"Maria Clara das Neves",Ferramentas,"Abaixo da média"
36,"Olivia Moreira",Ferramentas,"Abaixo da média"
184,"Benjamin da Luz",Ferramentas,"Abaixo da média"
222,"Srta. Mariana Sales",Ferramentas,"Abaixo da média"
126,"Gabriel Caldeira",Ferramentas,"Abaixo da média"
322,"Dr. Kevin Novaes",Ferramentas,"Abaixo da média"
109,"Sophia Silveira",Ferramentas,"Abaixo da média"
130,"Cecília Moura",Ferramentas,"Abaixo da média"
249,"Pedro da Cunha",Ferramentas,"Abaixo da média"
153,"Cauê da Rocha",Ferramentas,"Abaixo da média"
203,"Ana Vitória Lima",Ferramentas,"Abaixo da média"
305,"Luna das Neves",Ferramentas,"Abaixo da média"
254,"Luiz Gustavo da Mota",Ferramentas,"Abaixo da média"
241,"Kevin Ferreira",Ferramentas,"Abaixo da média"
60,"Dr. Breno da Mota",Ferramentas,"Abaixo da média"
300,"Sofia Fernandes",Ferramentas,"Abaixo da média"
23,"Maria Freitas",Ferramentas,"Abaixo da média"
115,"Igor Caldeira",Ferramentas,"Abaixo da média"
121,"Cecília Nunes",Ferramentas,"Abaixo da média"
166,"Mariana Alves",Ferramentas,"Abaixo da média"
202,"Isabella Silva",Ferramentas,"Abaixo da média"
80,"Maria Clara Azevedo",Ferramentas,"Abaixo da média"
225,"Ana Beatriz Duarte",Ferramentas,"Abaixo da média"
379,"Bárbara Monteiro",Ferramentas,"Abaixo da média"
311,"Thales da Luz",Ferramentas,"Abaixo da média"
297,"Melissa Pereira",Ferramentas,"Abaixo da média"
251,"Isaac da Cunha",Ferramentas,"Abaixo da média"
335,"Sarah Fernandes",Ferramentas,"Abaixo da média"
287,"Emanuelly Teixeira",Ferramentas,"Abaixo da média"
382,"Maria da Cruz",Ferramentas,"Abaixo da média"
299,"Augusto Sales",Ferramentas,"Abaixo da média"
240,"Juliana da Cunha",Ferramentas,"Abaixo da média"
161,"Nathan da Cunha",Ferramentas,"Abaixo da média"
296,"Juan Melo",Ferramentas,"Abaixo da média"
68,"Sabrina Costa",Ferramentas,"Abaixo da média"
310,"Luigi Campos",Ferramentas,"Abaixo da média"
351,"Dr. Matheus da Cunha",Ferramentas,"Abaixo da média"
176,"Daniel Teixeira",Ferramentas,"Abaixo da média"
165,"Ana Carolina da Paz",Ferramentas,"Abaixo da média"
370,"Levi Monteiro",Ferramentas,"Abaixo da média"
59,"Isabella Cardoso",Ferramentas,"Abaixo da média"
200,"Pedro Lucas Vieira",Ferramentas,"Abaixo da média"
337,"Sra. Esther Santos",Ferramentas,"Abaixo da média"
116,"Dr. Lorenzo Freitas",Ferramentas,"Abaixo da média"
283,"Vinicius Souza",Ferramentas,"Abaixo da média"
206,"Benjamin Ramos",Ferramentas,"Abaixo da média"
227,"Laís Barros",Ferramentas,"Abaixo da média"
221,"Pietro Porto",Ferramentas,"Abaixo da média"
195,"Ana Sophia Nogueira",Ferramentas,"Abaixo da média"
308,"Gabriela Campos",Ferramentas,"Abaixo da média"
64,"Sr. Leonardo Nunes",Ferramentas,"Abaixo da média"
289,"Bruno Nunes",Ferramentas,"Abaixo da média"
319,"Anthony Duarte",Ferramentas,"Abaixo da média"
272,"Miguel Cardoso",Ferramentas,"Abaixo da média"
326,"Pedro Henrique Almeida",Ferramentas,"Abaixo da média"
267,"Isabella Nascimento",Ferramentas,"Abaixo da média"
246,"Leandro Nascimento",Ferramentas,"Abaixo da média"
216,"Yago Cavalcanti",Ferramentas,"Abaixo da média"
219,"Davi Lucas Mendes",Ferramentas,"Abaixo da média"
313,"Lorenzo Novaes",Ferramentas,"Abaixo da média"
264,"Heloísa Mendes",Ferramentas,"Abaixo da média"
104,"Paulo Alves",Ferramentas,"Abaixo da média"
85,"Eduarda da Mota",Ferramentas,"Abaixo da média"
342,"Juan Peixoto",Ferramentas,"Abaixo da média"
218,"Isabella Ferreira",Ferramentas,"Abaixo da média"
145,"Luiz Felipe Costa",Ferramentas,"Abaixo da média"
325,"Antônio Oliveira","Instrumentos Musicais","Acima da média"
116,"Dr. Lorenzo Freitas","Instrumentos Musicais","Acima da média"
9,"Danilo Gonçalves","Instrumentos Musicais","Acima da média"
320,"Breno Monteiro","Instrumentos Musicais","Acima da média"
351,"Dr. Matheus da Cunha","Instrumentos Musicais","Acima da média"
332,"Agatha Jesus","Instrumentos Musicais","Acima da média"
227,"Laís Barros","Instrumentos Musicais","Acima da média"
161,"Nathan da Cunha","Instrumentos Musicais","Acima da média"
147,"Emanuel Costela","Instrumentos Musicais","Acima da média"
36,"Olivia Moreira","Instrumentos Musicais","Acima da média"
155,"Bárbara Teixeira","Instrumentos Musicais","Acima da média"
137,"Alexandre Mendes","Instrumentos Musicais","Acima da média"
327,"Luiz Miguel da Rosa","Instrumentos Musicais","Acima da média"
209,"Luiz Miguel Nogueira","Instrumentos Musicais","Acima da média"
214,"Helena Pires","Instrumentos Musicais","Acima da média"
106,"Luiz Felipe Rodrigues","Instrumentos Musicais","Acima da média"
304,"Sra. Letícia Correia","Instrumentos Musicais","Acima da média"
276,"Bianca Martins","Instrumentos Musicais","Acima da média"
318,"João Guilherme Silva","Instrumentos Musicais","Acima da média"
167,"André Santos","Instrumentos Musicais","Acima da média"
300,"Sofia Fernandes","Instrumentos Musicais","Acima da média"
322,"Dr. Kevin Novaes","Instrumentos Musicais","Acima da média"
211,"Sabrina Cardoso","Instrumentos Musicais","Acima da média"
188,"Maysa Rezende","Instrumentos Musicais","Acima da média"
99,"Sr. Francisco Fernandes","Instrumentos Musicais","Acima da média"
120,"Sr. Francisco Martins","Instrumentos Musicais","Acima da média"
257,"Bryan Santos","Instrumentos Musicais","Acima da média"
64,"Sr. Leonardo Nunes","Instrumentos Musicais","Acima da média"
221,"Pietro Porto","Instrumentos Musicais","Acima da média"
377,"Murilo Barros","Instrumentos Musicais","Acima da média"
246,"Leandro Nascimento","Instrumentos Musicais","Acima da média"
289,"Bruno Nunes","Instrumentos Musicais","Acima da média"
309,"Leonardo Gonçalves","Instrumentos Musicais","Abaixo da média"
59,"Isabella Cardoso","Instrumentos Musicais","Abaixo da média"
15,"Dr. Gabriel Ferreira","Instrumentos Musicais","Abaixo da média"
19,"Isis Pires","Instrumentos Musicais","Abaixo da média"
125,"Joaquim Gonçalves","Instrumentos Musicais","Abaixo da média"
158,"Fernando Ferreira","Instrumentos Musicais","Abaixo da média"
182,"Vitor Hugo Fogaça","Instrumentos Musicais","Abaixo da média"
136,"Yasmin Lopes","Instrumentos Musicais","Abaixo da média"
114,"Pedro Henrique Rodrigues","Instrumentos Musicais","Abaixo da média"
263,"Sr. João Miguel da Luz","Instrumentos Musicais","Abaixo da média"
27,"Breno da Luz","Instrumentos Musicais","Abaixo da média"
230,"Erick Viana","Instrumentos Musicais","Abaixo da média"
121,"Cecília Nunes","Instrumentos Musicais","Abaixo da média"
376,"Ana Vitória da Mata","Instrumentos Musicais","Abaixo da média"
81,"Diogo Sales","Instrumentos Musicais","Abaixo da média"
68,"Sabrina Costa","Instrumentos Musicais","Abaixo da média"
362,"Nicole Mendes","Instrumentos Musicais","Abaixo da média"
17,"Daniela Cardoso","Instrumentos Musicais","Abaixo da média"
340,"Marcela Moura","Instrumentos Musicais","Abaixo da média"
308,"Gabriela Campos","Instrumentos Musicais","Abaixo da média"
166,"Mariana Alves","Instrumentos Musicais","Abaixo da média"
5,"João Moraes","Instrumentos Musicais","Abaixo da média"
112,"Samuel Monteiro","Instrumentos Musicais","Abaixo da média"
104,"Paulo Alves","Instrumentos Musicais","Abaixo da média"
249,"Pedro da Cunha","Instrumentos Musicais","Abaixo da média"
26,"João Guilherme da Rocha","Instrumentos Musicais","Abaixo da média"
348,"Luiz Otávio Fogaça","Instrumentos Musicais","Abaixo da média"
287,"Emanuelly Teixeira","Instrumentos Musicais","Abaixo da média"
271,"Sofia Oliveira","Instrumentos Musicais","Abaixo da média"
174,"Rafaela Peixoto","Instrumentos Musicais","Abaixo da média"
128,"Luiz Henrique Farias","Instrumentos Musicais","Abaixo da média"
321,"Evelyn Costa","Instrumentos Musicais","Abaixo da média"
274,"Rodrigo Oliveira","Instrumentos Musicais","Abaixo da média"
389,"Sr. Murilo Lima","Instrumentos Musicais","Abaixo da média"
29,"Dr. Vitor Hugo Santos","Instrumentos Musicais","Abaixo da média"
220,"Luiz Felipe Costa","Instrumentos Musicais","Abaixo da média"
259,"Vitória da Rosa","Instrumentos Musicais","Abaixo da média"
316,"Diogo da Paz","Instrumentos Musicais","Abaixo da média"
204,"Dr. Henrique Freitas","Instrumentos Musicais","Abaixo da média"
368,"Cauê Ribeiro","Instrumentos Musicais","Abaixo da média"
317,"Gustavo Henrique Cavalcanti","Instrumentos Musicais","Abaixo da média"
360,"Kaique Aragão","Instrumentos Musicais","Abaixo da média"
245,"Nathan Azevedo","Instrumentos Musicais","Abaixo da média"
73,"Kaique Sales","Instrumentos Musicais","Abaixo da média"
347,"Sr. João Felipe Souza",Jardinagem,"Acima da média"
377,"Murilo Barros",Jardinagem,"Acima da média"
1,"Andre Santos Goncalves",Jardinagem,"Acima da média"
179,"Leonardo Silva",Jardinagem,"Acima da média"
170,"Davi Lucca Moraes",Jardinagem,"Acima da média"
301,"Ian Cardoso",Jardinagem,"Acima da média"
317,"Gustavo Henrique Cavalcanti",Jardinagem,"Acima da média"
370,"Levi Monteiro",Jardinagem,"Acima da média"
10,"João Gabriel Moura",Jardinagem,"Acima da média"
350,"Sra. Lorena Rodrigues",Jardinagem,"Acima da média"
175,"Rafael Barros",Jardinagem,"Acima da média"
20,"Eduardo Peixoto",Jardinagem,"Acima da média"
32,"João Gabriel Pires",Jardinagem,"Acima da média"
367,"Isaac da Mota",Jardinagem,"Acima da média"
152,"Ana Beatriz Souza",Jardinagem,"Acima da média"
321,"Evelyn Costa",Jardinagem,"Acima da média"
70,"Vitor Gabriel Costa",Jardinagem,"Acima da média"
193,"Isis Nunes",Jardinagem,"Acima da média"
293,"Lorena da Mata",Jardinagem,"Acima da média"
230,"Erick Viana",Jardinagem,"Acima da média"
188,"Maysa Rezende",Jardinagem,"Acima da média"
252,"Bryan Caldeira",Jardinagem,"Acima da média"
366,"Lucca da Mota",Jardinagem,"Acima da média"
18,"Mariana Teixeira",Jardinagem,"Acima da média"
100,"Ana Vitória Azevedo",Jardinagem,"Acima da média"
90,"Erick Monteiro",Jardinagem,"Acima da média"
168,"Joaquim da Mata",Jardinagem,"Acima da média"
113,"Sr. Ryan Costela",Jardinagem,"Acima da média"
51,"Agatha Fogaça",Jardinagem,"Acima da média"
354,"Maria Clara Novaes",Jardinagem,"Acima da média"
7,"Amanda Ferreira",Jardinagem,"Acima da média"
316,"Diogo da Paz",Jardinagem,"Abaixo da média"
197,"Gabrielly Barros",Jardinagem,"Abaixo da média"
138,"Francisco Viana",Jardinagem,"Abaixo da média"
206,"Benjamin Ramos",Jardinagem,"Abaixo da média"
144,"Fernanda Castro",Jardinagem,"Abaixo da média"
358,"João Miguel Rocha",Jardinagem,"Abaixo da média"
257,"Bryan Santos",Jardinagem,"Abaixo da média"
136,"Yasmin Lopes",Jardinagem,"Abaixo da média"
46,"Isis da Paz",Jardinagem,"Abaixo da média"
314,"Luiz Fernando Souza",Jardinagem,"Abaixo da média"
9,"Danilo Gonçalves",Jardinagem,"Abaixo da média"
300,"Sofia Fernandes",Jardinagem,"Abaixo da média"
4,"Daniel Barbosa",Jardinagem,"Abaixo da média"
67,"Juliana Castro",Jardinagem,"Abaixo da média"
44,"Esther Santos",Jardinagem,"Abaixo da média"
383,"Ana Laura Azevedo",Jardinagem,"Abaixo da média"
156,"João Pedro Carvalho",Jardinagem,"Abaixo da média"
116,"Dr. Lorenzo Freitas",Jardinagem,"Abaixo da média"
120,"Sr. Francisco Martins",Jardinagem,"Abaixo da média"
214,"Helena Pires",Jardinagem,"Abaixo da média"
332,"Agatha Jesus",Jardinagem,"Abaixo da média"
54,"Cauê Silva",Jardinagem,"Abaixo da média"
81,"Diogo Sales",Jardinagem,"Abaixo da média"
390,"Luiz Henrique Gomes",Jardinagem,"Abaixo da média"
297,"Melissa Pereira",Jardinagem,"Abaixo da média"
368,"Cauê Ribeiro",Jardinagem,"Abaixo da média"
182,"Vitor Hugo Fogaça",Jardinagem,"Abaixo da média"
209,"Luiz Miguel Nogueira",Jardinagem,"Abaixo da média"
313,"Lorenzo Novaes",Jardinagem,"Abaixo da média"
122,"João Vitor Ramos",Jardinagem,"Abaixo da média"
53,"Thiago Campos",Jardinagem,"Abaixo da média"
282,"Ana Luiza Peixoto",Jardinagem,"Abaixo da média"
195,"Ana Sophia Nogueira",Jardinagem,"Abaixo da média"
147,"Emanuel Costela",Jardinagem,"Abaixo da média"
256,"Marcelo da Conceição",Jardinagem,"Abaixo da média"
74,"Emanuelly Correia",Jardinagem,"Abaixo da média"
65,"Calebe Teixeira",Jardinagem,"Abaixo da média"
63,"Elisa da Costa",Jardinagem,"Abaixo da média"
381,"Sabrina Melo",Jardinagem,"Abaixo da média"
264,"Heloísa Mendes",Jardinagem,"Abaixo da média"
223,"Dr. Emanuel Caldeira",Jardinagem,"Abaixo da média"
318,"João Guilherme Silva",Jardinagem,"Abaixo da média"
158,"Fernando Ferreira",Jardinagem,"Abaixo da média"
104,"Paulo Alves",Jardinagem,"Abaixo da média"
365,"Sophie Aragão",Jardinagem,"Abaixo da média"
294,"Dr. Vitor Gabriel Rodrigues",Jardinagem,"Abaixo da média"
308,"Gabriela Campos",Jardinagem,"Abaixo da média"
99,"Sr. Francisco Fernandes",Jardinagem,"Abaixo da média"
6,"André Pires",Jardinagem,"Abaixo da média"
281,"Brenda Nascimento",Jardinagem,"Abaixo da média"
19,"Isis Pires",Jardinagem,"Abaixo da média"
114,"Pedro Henrique Rodrigues",Jardinagem,"Abaixo da média"
374,"Francisco Fernandes",Jardinagem,"Abaixo da média"
351,"Dr. Matheus da Cunha",Jardinagem,"Abaixo da média"
378,"Agatha Campos",Jardinagem,"Abaixo da média"
212,"Dr. Gustavo Peixoto",Jardinagem,"Abaixo da média"
36,"Olivia Moreira",Jardinagem,"Abaixo da média"
109,"Sophia Silveira",Jardinagem,"Abaixo da média"
380,"Antônio Ferreira",Jardinagem,"Abaixo da média"
164,"Sra. Laura Dias",Jardinagem,"Abaixo da média"
60,"Dr. Breno da Mota",Jardinagem,"Abaixo da média"
200,"Pedro Lucas Vieira",Jardinagem,"Abaixo da média"
97,"Marcelo Aragão",Jardinagem,"Abaixo da média"
378,"Agatha Campos","Jogos e Videogames","Acima da média"
262,"Theo Barbosa","Jogos e Videogames","Acima da média"
110,"Srta. Ana Luiza Duarte","Jogos e Videogames","Acima da média"
225,"Ana Beatriz Duarte","Jogos e Videogames","Acima da média"
316,"Diogo da Paz","Jogos e Videogames","Acima da média"
278,"Dra. Gabrielly Porto","Jogos e Videogames","Acima da média"
154,"Sophia Cardoso","Jogos e Videogames","Acima da média"
325,"Antônio Oliveira","Jogos e Videogames","Acima da média"
303,"Nina das Neves","Jogos e Videogames","Acima da média"
1,"Andre Santos Goncalves","Jogos e Videogames","Acima da média"
167,"André Santos","Jogos e Videogames","Acima da média"
370,"Levi Monteiro","Jogos e Videogames","Acima da média"
24,"Augusto Nascimento","Jogos e Videogames","Acima da média"
18,"Mariana Teixeira","Jogos e Videogames","Acima da média"
178,"Srta. Ana Laura da Paz","Jogos e Videogames","Acima da média"
197,"Gabrielly Barros","Jogos e Videogames","Acima da média"
202,"Isabella Silva","Jogos e Videogames","Acima da média"
27,"Breno da Luz","Jogos e Videogames","Acima da média"
104,"Paulo Alves","Jogos e Videogames","Acima da média"
272,"Miguel Cardoso","Jogos e Videogames","Acima da média"
355,"Luiz Henrique Moura","Jogos e Videogames","Acima da média"
150,"Anthony Oliveira","Jogos e Videogames","Abaixo da média"
183,"Sr. Luiz Felipe Silva","Jogos e Videogames","Abaixo da média"
151,"Samuel Souza","Jogos e Videogames","Abaixo da média"
237,"Ana Carolina Nogueira","Jogos e Videogames","Abaixo da média"
322,"Dr. Kevin Novaes","Jogos e Videogames","Abaixo da média"
182,"Vitor Hugo Fogaça","Jogos e Videogames","Abaixo da média"
248,"João Pedro Ferreira","Jogos e Videogames","Abaixo da média"
77,"Francisco Vieira","Jogos e Videogames","Abaixo da média"
330,"Dr. Lorenzo da Conceição","Jogos e Videogames","Abaixo da média"
89,"Davi Lucca Pinto","Jogos e Videogames","Abaixo da média"
279,"Dra. Gabrielly Oliveira","Jogos e Videogames","Abaixo da média"
360,"Kaique Aragão","Jogos e Videogames","Abaixo da média"
115,"Igor Caldeira","Jogos e Videogames","Abaixo da média"
9,"Danilo Gonçalves","Jogos e Videogames","Abaixo da média"
347,"Sr. João Felipe Souza","Jogos e Videogames","Abaixo da média"
54,"Cauê Silva","Jogos e Videogames","Abaixo da média"
311,"Thales da Luz","Jogos e Videogames","Abaixo da média"
275,"Caroline Caldeira","Jogos e Videogames","Abaixo da média"
144,"Fernanda Castro","Jogos e Videogames","Abaixo da média"
43,"Luiza Azevedo","Jogos e Videogames","Abaixo da média"
365,"Sophie Aragão","Jogos e Videogames","Abaixo da média"
221,"Pietro Porto","Jogos e Videogames","Abaixo da média"
344,"Luiz Felipe Souza","Jogos e Videogames","Abaixo da média"
127,"João Guilherme Teixeira","Jogos e Videogames","Abaixo da média"
86,"Caroline Cavalcanti","Jogos e Videogames","Abaixo da média"
114,"Pedro Henrique Rodrigues","Jogos e Videogames","Abaixo da média"
229,"Alexia Castro","Jogos e Videogames","Abaixo da média"
4,"Daniel Barbosa","Jogos e Videogames","Abaixo da média"
212,"Dr. Gustavo Peixoto","Jogos e Videogames","Abaixo da média"
191,"Maitê Farias","Jogos e Videogames","Abaixo da média"
132,"Sr. Guilherme Silveira","Jogos e Videogames","Abaixo da média"
257,"Bryan Santos","Jogos e Videogames","Abaixo da média"
390,"Luiz Henrique Gomes","Jogos e Videogames","Abaixo da média"
297,"Melissa Pereira","Jogos e Videogames","Abaixo da média"
274,"Rodrigo Oliveira","Jogos e Videogames","Abaixo da média"
258,"Matheus Nunes","Jogos e Videogames","Abaixo da média"
122,"João Vitor Ramos","Jogos e Videogames","Abaixo da média"
136,"Yasmin Lopes","Jogos e Videogames","Abaixo da média"
306,"Maria Julia Nogueira","Jogos e Videogames","Abaixo da média"
371,"Bernardo Costela","Jogos e Videogames","Abaixo da média"
351,"Dr. Matheus da Cunha","Jogos e Videogames","Abaixo da média"
388,"Srta. Maria Luiza Ramos","Jogos e Videogames","Abaixo da média"
12,"Enrico Araújo","Jogos e Videogames","Abaixo da média"
34,"Maria Clara das Neves","Jogos e Videogames","Abaixo da média"
263,"Sr. João Miguel da Luz","Jogos e Videogames","Abaixo da média"
17,"Daniela Cardoso","Jogos e Videogames","Abaixo da média"
304,"Sra. Letícia Correia","Jogos e Videogames","Abaixo da média"
59,"Isabella Cardoso","Jogos e Videogames","Abaixo da média"
146,"Maria Fernanda Vieira","Jogos e Videogames","Abaixo da média"
277,"Vitor Hugo Oliveira","Jogos e Videogames","Abaixo da média"
323,"Marcelo Barbosa","Jogos e Videogames","Abaixo da média"
218,"Isabella Ferreira","Jogos e Videogames","Abaixo da média"
349,"Isabella Moura","Jogos e Videogames","Abaixo da média"
281,"Brenda Nascimento","Jogos e Videogames","Abaixo da média"
145,"Luiz Felipe Costa","Jogos e Videogames","Abaixo da média"
30,"Ana Júlia da Costa","Jogos e Videogames","Abaixo da média"
111,"Dr. Thales Silveira","Jogos e Videogames","Abaixo da média"
107,"Dr. Rodrigo Silveira","Jogos e Videogames","Abaixo da média"
76,"Gabriela Azevedo","Jogos e Videogames","Abaixo da média"
267,"Isabella Nascimento","Jogos e Videogames","Abaixo da média"
81,"Diogo Sales","Jogos e Videogames","Abaixo da média"
341,"Cecília Nascimento","Jogos e Videogames","Abaixo da média"
318,"João Guilherme Silva","Jogos e Videogames","Abaixo da média"
239,"Ana Laura da Rocha","Jogos e Videogames","Abaixo da média"
61,"Enzo Farias",Livros,"Acima da média"
371,"Bernardo Costela",Livros,"Acima da média"
281,"Brenda Nascimento",Livros,"Acima da média"
107,"Dr. Rodrigo Silveira",Livros,"Acima da média"
124,"Srta. Marcela Moreira",Livros,"Acima da média"
9,"Danilo Gonçalves",Livros,"Acima da média"
253,"Emanuel da Rosa",Livros,"Acima da média"
341,"Cecília Nascimento",Livros,"Acima da média"
4,"Daniel Barbosa",Livros,"Acima da média"
64,"Sr. Leonardo Nunes",Livros,"Acima da média"
348,"Luiz Otávio Fogaça",Livros,"Acima da média"
340,"Marcela Moura",Livros,"Acima da média"
58,"Alexandre Vieira",Livros,"Acima da média"
6,"André Pires",Livros,"Acima da média"
28,"Augusto Moura",Livros,"Acima da média"
312,"Dr. Danilo Freitas",Livros,"Acima da média"
343,"Maria Clara Moreira",Livros,"Acima da média"
379,"Bárbara Monteiro",Livros,"Acima da média"
62,"Isabelly Cunha",Livros,"Acima da média"
262,"Theo Barbosa",Livros,"Acima da média"
76,"Gabriela Azevedo",Livros,"Acima da média"
164,"Sra. Laura Dias",Livros,"Acima da média"
157,"Ana Laura Sales",Livros,"Acima da média"
332,"Agatha Jesus",Livros,"Acima da média"
250,"Esther Rocha",Livros,"Acima da média"
249,"Pedro da Cunha",Livros,"Acima da média"
128,"Luiz Henrique Farias",Livros,"Acima da média"
109,"Sophia Silveira",Livros,"Acima da média"
365,"Sophie Aragão",Livros,"Acima da média"
309,"Leonardo Gonçalves",Livros,"Acima da média"
27,"Breno da Luz",Livros,"Acima da média"
376,"Ana Vitória da Mata",Livros,"Acima da média"
182,"Vitor Hugo Fogaça",Livros,"Acima da média"
214,"Helena Pires",Livros,"Acima da média"
57,"Erick Mendes",Livros,"Acima da média"
125,"Joaquim Gonçalves",Livros,"Acima da média"
202,"Isabella Silva",Livros,"Acima da média"
165,"Ana Carolina da Paz",Livros,"Acima da média"
152,"Ana Beatriz Souza",Livros,"Acima da média"
221,"Pietro Porto",Livros,"Acima da média"
375,"Agatha Sales",Livros,"Acima da média"
167,"André Santos",Livros,"Abaixo da média"
207,"Nicolas Castro",Livros,"Abaixo da média"
263,"Sr. João Miguel da Luz",Livros,"Abaixo da média"
358,"João Miguel Rocha",Livros,"Abaixo da média"
49,"Samuel Porto",Livros,"Abaixo da média"
188,"Maysa Rezende",Livros,"Abaixo da média"
337,"Sra. Esther Santos",Livros,"Abaixo da média"
297,"Melissa Pereira",Livros,"Abaixo da média"
170,"Davi Lucca Moraes",Livros,"Abaixo da média"
75,"Bruna Ferreira",Livros,"Abaixo da média"
195,"Ana Sophia Nogueira",Livros,"Abaixo da média"
360,"Kaique Aragão",Livros,"Abaixo da média"
296,"Juan Melo",Livros,"Abaixo da média"
192,"Raquel Lima",Livros,"Abaixo da média"
7,"Amanda Ferreira",Livros,"Abaixo da média"
179,"Leonardo Silva",Livros,"Abaixo da média"
203,"Ana Vitória Lima",Livros,"Abaixo da média"
210,"Dr. João Gabriel da Cruz",Livros,"Abaixo da média"
24,"Augusto Nascimento",Livros,"Abaixo da média"
351,"Dr. Matheus da Cunha",Livros,"Abaixo da média"
173,"Enrico Araújo",Livros,"Abaixo da média"
311,"Thales da Luz",Livros,"Abaixo da média"
301,"Ian Cardoso",Livros,"Abaixo da média"
90,"Erick Monteiro",Livros,"Abaixo da média"
122,"João Vitor Ramos",Livros,"Abaixo da média"
246,"Leandro Nascimento",Livros,"Abaixo da média"
278,"Dra. Gabrielly Porto",Livros,"Abaixo da média"
344,"Luiz Felipe Souza",Livros,"Abaixo da média"
151,"Samuel Souza",Livros,"Abaixo da média"
85,"Eduarda da Mota",Livros,"Abaixo da média"
106,"Luiz Felipe Rodrigues",Livros,"Abaixo da média"
218,"Isabella Ferreira",Livros,"Abaixo da média"
104,"Paulo Alves",Livros,"Abaixo da média"
300,"Sofia Fernandes",Livros,"Abaixo da média"
223,"Dr. Emanuel Caldeira",Livros,"Abaixo da média"
266,"Gustavo Henrique da Paz",Livros,"Abaixo da média"
178,"Srta. Ana Laura da Paz",Livros,"Abaixo da média"
115,"Igor Caldeira",Livros,"Abaixo da média"
307,"Luiz Fernando Cavalcanti",Livros,"Abaixo da média"
321,"Evelyn Costa",Livros,"Abaixo da média"
380,"Antônio Ferreira",Livros,"Abaixo da média"
186,"Gabriela da Paz",Livros,"Abaixo da média"
83,"Alexandre da Mota",Livros,"Abaixo da média"
273,"Marcela Duarte",Livros,"Abaixo da média"
111,"Dr. Thales Silveira",Livros,"Abaixo da média"
261,"Alexandre Alves",Livros,"Abaixo da média"
308,"Gabriela Campos",Livros,"Abaixo da média"
36,"Olivia Moreira",Livros,"Abaixo da média"
303,"Nina das Neves",Livros,"Abaixo da média"
319,"Anthony Duarte",Livros,"Abaixo da média"
335,"Sarah Fernandes",Livros,"Abaixo da média"
51,"Agatha Fogaça",Livros,"Abaixo da média"
252,"Bryan Caldeira",Livros,"Abaixo da média"
325,"Antônio Oliveira",Livros,"Abaixo da média"
17,"Daniela Cardoso",Livros,"Abaixo da média"
191,"Maitê Farias",Livros,"Abaixo da média"
232,"Sr. Yuri Correia",Livros,"Abaixo da média"
260,"Maysa Santos",Livros,"Abaixo da média"
41,"Maria da Conceição",Livros,"Abaixo da média"
39,"Stephany Peixoto",Livros,"Abaixo da média"
154,"Sophia Cardoso",Livros,"Abaixo da média"
169,"Sabrina Ferreira",Livros,"Abaixo da média"
95,"Sr. Calebe das Neves",Livros,"Abaixo da média"
285,"Noah Ferreira",Móveis,"Acima da média"
70,"Vitor Gabriel Costa",Móveis,"Acima da média"
376,"Ana Vitória da Mata",Móveis,"Acima da média"
83,"Alexandre da Mota",Móveis,"Acima da média"
81,"Diogo Sales",Móveis,"Acima da média"
182,"Vitor Hugo Fogaça",Móveis,"Acima da média"
94,"Mariana Nogueira",Móveis,"Acima da média"
107,"Dr. Rodrigo Silveira",Móveis,"Acima da média"
16,"Luiz Fernando da Rocha",Móveis,"Acima da média"
370,"Levi Monteiro",Móveis,"Acima da média"
1,"Andre Santos Goncalves",Móveis,"Acima da média"
305,"Luna das Neves",Móveis,"Acima da média"
87,"Milena Cardoso",Móveis,"Acima da média"
174,"Rafaela Peixoto",Móveis,"Acima da média"
154,"Sophia Cardoso",Móveis,"Acima da média"
47,"Isabel Alves",Móveis,"Acima da média"
60,"Dr. Breno da Mota",Móveis,"Acima da média"
214,"Helena Pires",Móveis,"Acima da média"
211,"Sabrina Cardoso",Móveis,"Acima da média"
30,"Ana Júlia da Costa",Móveis,"Acima da média"
340,"Marcela Moura",Móveis,"Acima da média"
263,"Sr. João Miguel da Luz",Móveis,"Acima da média"
22,"Bianca Silva",Móveis,"Acima da média"
380,"Antônio Ferreira",Móveis,"Acima da média"
221,"Pietro Porto",Móveis,"Acima da média"
232,"Sr. Yuri Correia",Móveis,"Acima da média"
128,"Luiz Henrique Farias",Móveis,"Acima da média"
111,"Dr. Thales Silveira",Móveis,"Acima da média"
19,"Isis Pires",Móveis,"Acima da média"
218,"Isabella Ferreira",Móveis,"Acima da média"
289,"Bruno Nunes",Móveis,"Acima da média"
86,"Caroline Cavalcanti",Móveis,"Acima da média"
358,"João Miguel Rocha",Móveis,"Acima da média"
129,"Emilly Rocha",Móveis,"Acima da média"
343,"Maria Clara Moreira",Móveis,"Acima da média"
148,"Isabel Fogaça",Móveis,"Acima da média"
133,"Sr. Bruno Araújo",Móveis,"Acima da média"
383,"Ana Laura Azevedo",Móveis,"Acima da média"
219,"Davi Lucas Mendes",Móveis,"Acima da média"
293,"Lorena da Mata",Móveis,"Acima da média"
97,"Marcelo Aragão",Móveis,"Acima da média"
122,"João Vitor Ramos",Móveis,"Abaixo da média"
113,"Sr. Ryan Costela",Móveis,"Abaixo da média"
2,"Levi Cavalcanti",Móveis,"Abaixo da média"
52,"Clarice Rocha",Móveis,"Abaixo da média"
223,"Dr. Emanuel Caldeira",Móveis,"Abaixo da média"
204,"Dr. Henrique Freitas",Móveis,"Abaixo da média"
51,"Agatha Fogaça",Móveis,"Abaixo da média"
106,"Luiz Felipe Rodrigues",Móveis,"Abaixo da média"
246,"Leandro Nascimento",Móveis,"Abaixo da média"
239,"Ana Laura da Rocha",Móveis,"Abaixo da média"
210,"Dr. João Gabriel da Cruz",Móveis,"Abaixo da média"
178,"Srta. Ana Laura da Paz",Móveis,"Abaixo da média"
317,"Gustavo Henrique Cavalcanti",Móveis,"Abaixo da média"
348,"Luiz Otávio Fogaça",Móveis,"Abaixo da média"
9,"Danilo Gonçalves",Móveis,"Abaixo da média"
24,"Augusto Nascimento",Móveis,"Abaixo da média"
138,"Francisco Viana",Móveis,"Abaixo da média"
37,"Dra. Maria Cardoso",Móveis,"Abaixo da média"
3,"Dr. Davi Lucca Costa",Móveis,"Abaixo da média"
147,"Emanuel Costela",Móveis,"Abaixo da média"
381,"Sabrina Melo",Móveis,"Abaixo da média"
316,"Diogo da Paz",Móveis,"Abaixo da média"
99,"Sr. Francisco Fernandes",Móveis,"Abaixo da média"
231,"Pedro Henrique da Rosa",Móveis,"Abaixo da média"
278,"Dra. Gabrielly Porto",Móveis,"Abaixo da média"
27,"Breno da Luz",Móveis,"Abaixo da média"
15,"Dr. Gabriel Ferreira",Móveis,"Abaixo da média"
173,"Enrico Araújo",Móveis,"Abaixo da média"
329,"Rafael Lopes",Móveis,"Abaixo da média"
89,"Davi Lucca Pinto",Móveis,"Abaixo da média"
367,"Isaac da Mota",Móveis,"Abaixo da média"
308,"Gabriela Campos",Móveis,"Abaixo da média"
121,"Cecília Nunes",Móveis,"Abaixo da média"
55,"Luiz Miguel Costa",Móveis,"Abaixo da média"
264,"Heloísa Mendes",Móveis,"Abaixo da média"
314,"Luiz Fernando Souza",Móveis,"Abaixo da média"
325,"Antônio Oliveira",Móveis,"Abaixo da média"
379,"Bárbara Monteiro",Móveis,"Abaixo da média"
266,"Gustavo Henrique da Paz",Móveis,"Abaixo da média"
152,"Ana Beatriz Souza",Móveis,"Abaixo da média"
7,"Amanda Ferreira",Móveis,"Abaixo da média"
177,"Bernardo Lopes",Móveis,"Abaixo da média"
303,"Nina das Neves",Móveis,"Abaixo da média"
337,"Sra. Esther Santos",Móveis,"Abaixo da média"
389,"Sr. Murilo Lima",Móveis,"Abaixo da média"
29,"Dr. Vitor Hugo Santos",Móveis,"Abaixo da média"
252,"Bryan Caldeira",Móveis,"Abaixo da média"
246,"Leandro Nascimento",Papelaria,"Acima da média"
158,"Fernando Ferreira",Papelaria,"Acima da média"
278,"Dra. Gabrielly Porto",Papelaria,"Acima da média"
101,"Srta. Bianca Nogueira",Papelaria,"Acima da média"
195,"Ana Sophia Nogueira",Papelaria,"Acima da média"
129,"Emilly Rocha",Papelaria,"Acima da média"
19,"Isis Pires",Papelaria,"Acima da média"
151,"Samuel Souza",Papelaria,"Acima da média"
224,"Enzo Aragão",Papelaria,"Acima da média"
167,"André Santos",Papelaria,"Acima da média"
123,"Isadora Teixeira",Papelaria,"Acima da média"
368,"Cauê Ribeiro",Papelaria,"Acima da média"
150,"Anthony Oliveira",Papelaria,"Acima da média"
51,"Agatha Fogaça",Papelaria,"Acima da média"
107,"Dr. Rodrigo Silveira",Papelaria,"Acima da média"
241,"Kevin Ferreira",Papelaria,"Acima da média"
372,"Luiz Henrique Cavalcanti",Papelaria,"Acima da média"
350,"Sra. Lorena Rodrigues",Papelaria,"Acima da média"
60,"Dr. Breno da Mota",Papelaria,"Acima da média"
27,"Breno da Luz",Papelaria,"Acima da média"
53,"Thiago Campos",Papelaria,"Acima da média"
355,"Luiz Henrique Moura",Papelaria,"Acima da média"
340,"Marcela Moura",Papelaria,"Acima da média"
24,"Augusto Nascimento",Papelaria,"Acima da média"
89,"Davi Lucca Pinto",Papelaria,"Acima da média"
318,"João Guilherme Silva",Papelaria,"Abaixo da média"
81,"Diogo Sales",Papelaria,"Abaixo da média"
219,"Davi Lucas Mendes",Papelaria,"Abaixo da média"
164,"Sra. Laura Dias",Papelaria,"Abaixo da média"
373,"Carlos Eduardo Pinto",Papelaria,"Abaixo da média"
39,"Stephany Peixoto",Papelaria,"Abaixo da média"
114,"Pedro Henrique Rodrigues",Papelaria,"Abaixo da média"
128,"Luiz Henrique Farias",Papelaria,"Abaixo da média"
153,"Cauê da Rocha",Papelaria,"Abaixo da média"
144,"Fernanda Castro",Papelaria,"Abaixo da média"
218,"Isabella Ferreira",Papelaria,"Abaixo da média"
311,"Thales da Luz",Papelaria,"Abaixo da média"
163,"João Pedro Gonçalves",Papelaria,"Abaixo da média"
142,"Clarice Peixoto",Papelaria,"Abaixo da média"
348,"Luiz Otávio Fogaça",Papelaria,"Abaixo da média"
369,"Marcelo Monteiro",Papelaria,"Abaixo da média"
367,"Isaac da Mota",Papelaria,"Abaixo da média"
21,"Thiago Almeida",Papelaria,"Abaixo da média"
138,"Francisco Viana",Papelaria,"Abaixo da média"
287,"Emanuelly Teixeira",Papelaria,"Abaixo da média"
63,"Elisa da Costa",Papelaria,"Abaixo da média"
310,"Luigi Campos",Papelaria,"Abaixo da média"
26,"João Guilherme da Rocha",Papelaria,"Abaixo da média"
237,"Ana Carolina Nogueira",Papelaria,"Abaixo da média"
202,"Isabella Silva",Papelaria,"Abaixo da média"
96,"Valentina Moura",Papelaria,"Abaixo da média"
106,"Luiz Felipe Rodrigues",Papelaria,"Abaixo da média"
193,"Isis Nunes",Papelaria,"Abaixo da média"
389,"Sr. Murilo Lima",Papelaria,"Abaixo da média"
139,"Sr. Diego Azevedo",Papelaria,"Abaixo da média"
169,"Sabrina Ferreira",Papelaria,"Abaixo da média"
90,"Erick Monteiro",Papelaria,"Abaixo da média"
260,"Maysa Santos",Papelaria,"Abaixo da média"
16,"Luiz Fernando da Rocha",Papelaria,"Abaixo da média"
196,"Manuela Gomes",Papelaria,"Abaixo da média"
214,"Helena Pires",Papelaria,"Abaixo da média"
277,"Vitor Hugo Oliveira",Papelaria,"Abaixo da média"
323,"Marcelo Barbosa",Papelaria,"Abaixo da média"
286,"Sra. Alana Caldeira",Papelaria,"Abaixo da média"
41,"Maria da Conceição",Papelaria,"Abaixo da média"
262,"Theo Barbosa",Papelaria,"Abaixo da média"
134,"Gabriela Almeida",Papelaria,"Abaixo da média"
52,"Clarice Rocha",Papelaria,"Abaixo da média"
95,"Sr. Calebe das Neves",Papelaria,"Abaixo da média"
225,"Ana Beatriz Duarte",Papelaria,"Abaixo da média"
325,"Antônio Oliveira",Papelaria,"Abaixo da média"
97,"Marcelo Aragão",Papelaria,"Abaixo da média"
83,"Alexandre da Mota",Papelaria,"Abaixo da média"
183,"Sr. Luiz Felipe Silva",Papelaria,"Abaixo da média"
191,"Maitê Farias",Papelaria,"Abaixo da média"
223,"Dr. Emanuel Caldeira",Papelaria,"Abaixo da média"
212,"Dr. Gustavo Peixoto",Papelaria,"Abaixo da média"
329,"Rafael Lopes",Papelaria,"Abaixo da média"
126,"Gabriel Caldeira",Papelaria,"Abaixo da média"
73,"Kaique Sales",Papelaria,"Abaixo da média"
3,"Dr. Davi Lucca Costa",Papelaria,"Abaixo da média"
165,"Ana Carolina da Paz",Papelaria,"Abaixo da média"
306,"Maria Julia Nogueira",Papelaria,"Abaixo da média"
386,"Caroline Carvalho",Papelaria,"Abaixo da média"
295,"Dra. Giovanna Rezende",Papelaria,"Abaixo da média"
155,"Bárbara Teixeira",Papelaria,"Abaixo da média"
109,"Sophia Silveira",Papelaria,"Abaixo da média"
6,"André Pires",Papelaria,"Abaixo da média"
132,"Sr. Guilherme Silveira",Papelaria,"Abaixo da média"
130,"Cecília Moura",Papelaria,"Abaixo da média"
347,"Sr. João Felipe Souza",Papelaria,"Abaixo da média"
241,"Kevin Ferreira","Pet Shop","Acima da média"
177,"Bernardo Lopes","Pet Shop","Acima da média"
220,"Luiz Felipe Costa","Pet Shop","Acima da média"
231,"Pedro Henrique da Rosa","Pet Shop","Acima da média"
154,"Sophia Cardoso","Pet Shop","Acima da média"
376,"Ana Vitória da Mata","Pet Shop","Acima da média"
346,"Carlos Eduardo Lima","Pet Shop","Acima da média"
337,"Sra. Esther Santos","Pet Shop","Acima da média"
19,"Isis Pires","Pet Shop","Acima da média"
152,"Ana Beatriz Souza","Pet Shop","Acima da média"
348,"Luiz Otávio Fogaça","Pet Shop","Acima da média"
110,"Srta. Ana Luiza Duarte","Pet Shop","Acima da média"
5,"João Moraes","Pet Shop","Acima da média"
390,"Luiz Henrique Gomes","Pet Shop","Acima da média"
124,"Srta. Marcela Moreira","Pet Shop","Acima da média"
136,"Yasmin Lopes","Pet Shop","Acima da média"
96,"Valentina Moura","Pet Shop","Acima da média"
226,"Laura Mendes","Pet Shop","Acima da média"
332,"Agatha Jesus","Pet Shop","Acima da média"
192,"Raquel Lima","Pet Shop","Acima da média"
167,"André Santos","Pet Shop","Acima da média"
76,"Gabriela Azevedo","Pet Shop","Acima da média"
383,"Ana Laura Azevedo","Pet Shop","Acima da média"
191,"Maitê Farias","Pet Shop","Acima da média"
73,"Kaique Sales","Pet Shop","Acima da média"
343,"Maria Clara Moreira","Pet Shop","Acima da média"
379,"Bárbara Monteiro","Pet Shop","Acima da média"
364,"Isaac Costa","Pet Shop","Acima da média"
83,"Alexandre da Mota","Pet Shop","Acima da média"
202,"Isabella Silva","Pet Shop","Acima da média"
382,"Maria da Cruz","Pet Shop","Acima da média"
307,"Luiz Fernando Cavalcanti","Pet Shop","Acima da média"
277,"Vitor Hugo Oliveira","Pet Shop","Acima da média"
70,"Vitor Gabriel Costa","Pet Shop","Acima da média"
69,"Rafael Caldeira","Pet Shop","Acima da média"
81,"Diogo Sales","Pet Shop","Acima da média"
253,"Emanuel da Rosa","Pet Shop","Abaixo da média"
249,"Pedro da Cunha","Pet Shop","Abaixo da média"
157,"Ana Laura Sales","Pet Shop","Abaixo da média"
179,"Leonardo Silva","Pet Shop","Abaixo da média"
263,"Sr. João Miguel da Luz","Pet Shop","Abaixo da média"
200,"Pedro Lucas Vieira","Pet Shop","Abaixo da média"
251,"Isaac da Cunha","Pet Shop","Abaixo da média"
204,"Dr. Henrique Freitas","Pet Shop","Abaixo da média"
181,"Mariana Araújo","Pet Shop","Abaixo da média"
378,"Agatha Campos","Pet Shop","Abaixo da média"
126,"Gabriel Caldeira","Pet Shop","Abaixo da média"
122,"João Vitor Ramos","Pet Shop","Abaixo da média"
303,"Nina das Neves","Pet Shop","Abaixo da média"
21,"Thiago Almeida","Pet Shop","Abaixo da média"
233,"Mariana Moura","Pet Shop","Abaixo da média"
290,"Daniela Lima","Pet Shop","Abaixo da média"
310,"Luigi Campos","Pet Shop","Abaixo da média"
326,"Pedro Henrique Almeida","Pet Shop","Abaixo da média"
294,"Dr. Vitor Gabriel Rodrigues","Pet Shop","Abaixo da média"
29,"Dr. Vitor Hugo Santos","Pet Shop","Abaixo da média"
95,"Sr. Calebe das Neves","Pet Shop","Abaixo da média"
54,"Cauê Silva","Pet Shop","Abaixo da média"
42,"Nicole Cavalcanti","Pet Shop","Abaixo da média"
9,"Danilo Gonçalves","Pet Shop","Abaixo da média"
334,"Laura da Conceição","Pet Shop","Abaixo da média"
286,"Sra. Alana Caldeira","Pet Shop","Abaixo da média"
203,"Ana Vitória Lima","Pet Shop","Abaixo da média"
257,"Bryan Santos","Pet Shop","Abaixo da média"
182,"Vitor Hugo Fogaça","Pet Shop","Abaixo da média"
224,"Enzo Aragão","Pet Shop","Abaixo da média"
68,"Sabrina Costa","Pet Shop","Abaixo da média"
129,"Emilly Rocha","Pet Shop","Abaixo da média"
219,"Davi Lucas Mendes","Pet Shop","Abaixo da média"
195,"Ana Sophia Nogueira","Pet Shop","Abaixo da média"
206,"Benjamin Ramos","Pet Shop","Abaixo da média"
361,"Ana Júlia Rocha","Pet Shop","Abaixo da média"
305,"Luna das Neves","Pet Shop","Abaixo da média"
207,"Nicolas Castro","Pet Shop","Abaixo da média"
292,"Vitor Gabriel Moreira","Pet Shop","Abaixo da média"
104,"Paulo Alves","Pet Shop","Abaixo da média"
245,"Nathan Azevedo","Pet Shop","Abaixo da média"
197,"Gabrielly Barros","Pet Shop","Abaixo da média"
12,"Enrico Araújo","Pet Shop","Abaixo da média"
344,"Luiz Felipe Souza","Pet Shop","Abaixo da média"
45,"Pedro Henrique Vieira","Pet Shop","Abaixo da média"
142,"Clarice Peixoto","Pet Shop","Abaixo da média"
358,"João Miguel Rocha","Pet Shop","Abaixo da média"
137,"Alexandre Mendes","Pet Shop","Abaixo da média"
347,"Sr. João Felipe Souza","Pet Shop","Abaixo da média"
165,"Ana Carolina da Paz","Pet Shop","Abaixo da média"
306,"Maria Julia Nogueira","Pet Shop","Abaixo da média"
349,"Isabella Moura","Pet Shop","Abaixo da média"
107,"Dr. Rodrigo Silveira","Pet Shop","Abaixo da média"
315,"Kamilly das Neves","Pet Shop","Abaixo da média"
264,"Heloísa Mendes","Pet Shop","Abaixo da média"
341,"Cecília Nascimento","Pet Shop","Abaixo da média"
3,"Dr. Davi Lucca Costa","Pet Shop","Abaixo da média"
227,"Laís Barros",Roupas,"Acima da média"
124,"Srta. Marcela Moreira",Roupas,"Acima da média"
109,"Sophia Silveira",Roupas,"Acima da média"
369,"Marcelo Monteiro",Roupas,"Acima da média"
237,"Ana Carolina Nogueira",Roupas,"Acima da média"
232,"Sr. Yuri Correia",Roupas,"Acima da média"
67,"Juliana Castro",Roupas,"Acima da média"
148,"Isabel Fogaça",Roupas,"Acima da média"
44,"Esther Santos",Roupas,"Acima da média"
221,"Pietro Porto",Roupas,"Acima da média"
228,"Dra. Lorena Fernandes",Roupas,"Acima da média"
304,"Sra. Letícia Correia",Roupas,"Acima da média"
280,"Renan da Mota",Roupas,"Acima da média"
351,"Dr. Matheus da Cunha",Roupas,"Acima da média"
316,"Diogo da Paz",Roupas,"Acima da média"
185,"Diego Costela",Roupas,"Acima da média"
9,"Danilo Gonçalves",Roupas,"Acima da média"
321,"Evelyn Costa",Roupas,"Acima da média"
110,"Srta. Ana Luiza Duarte",Roupas,"Acima da média"
286,"Sra. Alana Caldeira",Roupas,"Acima da média"
3,"Dr. Davi Lucca Costa",Roupas,"Acima da média"
89,"Davi Lucca Pinto",Roupas,"Acima da média"
169,"Sabrina Ferreira",Roupas,"Acima da média"
344,"Luiz Felipe Souza",Roupas,"Acima da média"
216,"Yago Cavalcanti",Roupas,"Acima da média"
274,"Rodrigo Oliveira",Roupas,"Acima da média"
17,"Daniela Cardoso",Roupas,"Acima da média"
348,"Luiz Otávio Fogaça",Roupas,"Acima da média"
374,"Francisco Fernandes",Roupas,"Acima da média"
264,"Heloísa Mendes",Roupas,"Acima da média"
18,"Mariana Teixeira",Roupas,"Acima da média"
173,"Enrico Araújo",Roupas,"Acima da média"
36,"Olivia Moreira",Roupas,"Acima da média"
203,"Ana Vitória Lima",Roupas,"Acima da média"
380,"Antônio Ferreira",Roupas,"Acima da média"
305,"Luna das Neves",Roupas,"Acima da média"
195,"Ana Sophia Nogueira",Roupas,"Acima da média"
303,"Nina das Neves",Roupas,"Acima da média"
325,"Antônio Oliveira",Roupas,"Acima da média"
278,"Dra. Gabrielly Porto",Roupas,"Acima da média"
101,"Srta. Bianca Nogueira",Roupas,"Acima da média"
386,"Caroline Carvalho",Roupas,"Acima da média"
327,"Luiz Miguel da Rosa",Roupas,"Acima da média"
311,"Thales da Luz",Roupas,"Acima da média"
58,"Alexandre Vieira",Roupas,"Abaixo da média"
372,"Luiz Henrique Cavalcanti",Roupas,"Abaixo da média"
350,"Sra. Lorena Rodrigues",Roupas,"Abaixo da média"
390,"Luiz Henrique Gomes",Roupas,"Abaixo da média"
383,"Ana Laura Azevedo",Roupas,"Abaixo da média"
142,"Clarice Peixoto",Roupas,"Abaixo da média"
1,"Andre Santos Goncalves",Roupas,"Abaixo da média"
210,"Dr. João Gabriel da Cruz",Roupas,"Abaixo da média"
317,"Gustavo Henrique Cavalcanti",Roupas,"Abaixo da média"
296,"Juan Melo",Roupas,"Abaixo da média"
32,"João Gabriel Pires",Roupas,"Abaixo da média"
112,"Samuel Monteiro",Roupas,"Abaixo da média"
136,"Yasmin Lopes",Roupas,"Abaixo da média"
365,"Sophie Aragão",Roupas,"Abaixo da média"
156,"João Pedro Carvalho",Roupas,"Abaixo da média"
285,"Noah Ferreira",Roupas,"Abaixo da média"
46,"Isis da Paz",Roupas,"Abaixo da média"
54,"Cauê Silva",Roupas,"Abaixo da média"
106,"Luiz Felipe Rodrigues",Roupas,"Abaixo da média"
271,"Sofia Oliveira",Roupas,"Abaixo da média"
289,"Bruno Nunes",Roupas,"Abaixo da média"
295,"Dra. Giovanna Rezende",Roupas,"Abaixo da média"
202,"Isabella Silva",Roupas,"Abaixo da média"
337,"Sra. Esther Santos",Roupas,"Abaixo da média"
147,"Emanuel Costela",Roupas,"Abaixo da média"
326,"Pedro Henrique Almeida",Roupas,"Abaixo da média"
277,"Vitor Hugo Oliveira",Roupas,"Abaixo da média"
332,"Agatha Jesus",Roupas,"Abaixo da média"
127,"João Guilherme Teixeira",Roupas,"Abaixo da média"
61,"Enzo Farias",Roupas,"Abaixo da média"
105,"Murilo Fogaça",Roupas,"Abaixo da média"
281,"Brenda Nascimento",Roupas,"Abaixo da média"
236,"Theo Castro",Roupas,"Abaixo da média"
145,"Luiz Felipe Costa",Roupas,"Abaixo da média"
85,"Eduarda da Mota",Roupas,"Abaixo da média"
307,"Luiz Fernando Cavalcanti",Roupas,"Abaixo da média"
341,"Cecília Nascimento",Roupas,"Abaixo da média"
222,"Srta. Mariana Sales",Roupas,"Abaixo da média"
276,"Bianca Martins",Roupas,"Abaixo da média"
184,"Benjamin da Luz",Roupas,"Abaixo da média"
83,"Alexandre da Mota",Roupas,"Abaixo da média"
15,"Dr. Gabriel Ferreira",Roupas,"Abaixo da média"
323,"Marcelo Barbosa",Roupas,"Abaixo da média"
267,"Isabella Nascimento",Roupas,"Abaixo da média"
193,"Isis Nunes",Roupas,"Abaixo da média"
251,"Isaac da Cunha",Roupas,"Abaixo da média"
178,"Srta. Ana Laura da Paz",Roupas,"Abaixo da média"
76,"Gabriela Azevedo",Roupas,"Abaixo da média"
152,"Ana Beatriz Souza",Roupas,"Abaixo da média"
241,"Kevin Ferreira",Roupas,"Abaixo da média"
42,"Nicole Cavalcanti",Roupas,"Abaixo da média"
204,"Dr. Henrique Freitas",Roupas,"Abaixo da média"
349,"Isabella Moura",Roupas,"Abaixo da média"
347,"Sr. João Felipe Souza",Roupas,"Abaixo da média"
81,"Diogo Sales",Roupas,"Abaixo da média"
164,"Sra. Laura Dias",Roupas,"Abaixo da média"
378,"Agatha Campos",Roupas,"Abaixo da média"
21,"Thiago Almeida","Saúde e Bem-estar","Acima da média"
164,"Sra. Laura Dias","Saúde e Bem-estar","Acima da média"
295,"Dra. Giovanna Rezende","Saúde e Bem-estar","Acima da média"
298,"Pedro Henrique Nunes","Saúde e Bem-estar","Acima da média"
112,"Samuel Monteiro","Saúde e Bem-estar","Acima da média"
340,"Marcela Moura","Saúde e Bem-estar","Acima da média"
317,"Gustavo Henrique Cavalcanti","Saúde e Bem-estar","Acima da média"
237,"Ana Carolina Nogueira","Saúde e Bem-estar","Acima da média"
180,"Amanda Rezende","Saúde e Bem-estar","Acima da média"
68,"Sabrina Costa","Saúde e Bem-estar","Acima da média"
55,"Luiz Miguel Costa","Saúde e Bem-estar","Acima da média"
154,"Sophia Cardoso","Saúde e Bem-estar","Acima da média"
376,"Ana Vitória da Mata","Saúde e Bem-estar","Acima da média"
267,"Isabella Nascimento","Saúde e Bem-estar","Acima da média"
334,"Laura da Conceição","Saúde e Bem-estar","Acima da média"
218,"Isabella Ferreira","Saúde e Bem-estar","Acima da média"
366,"Lucca da Mota","Saúde e Bem-estar","Acima da média"
287,"Emanuelly Teixeira","Saúde e Bem-estar","Acima da média"
142,"Clarice Peixoto","Saúde e Bem-estar","Acima da média"
27,"Breno da Luz","Saúde e Bem-estar","Acima da média"
348,"Luiz Otávio Fogaça","Saúde e Bem-estar","Acima da média"
96,"Valentina Moura","Saúde e Bem-estar","Acima da média"
224,"Enzo Aragão","Saúde e Bem-estar","Acima da média"
314,"Luiz Fernando Souza","Saúde e Bem-estar","Acima da média"
387,"Miguel Melo","Saúde e Bem-estar","Acima da média"
219,"Davi Lucas Mendes","Saúde e Bem-estar","Acima da média"
251,"Isaac da Cunha","Saúde e Bem-estar","Acima da média"
200,"Pedro Lucas Vieira","Saúde e Bem-estar","Acima da média"
16,"Luiz Fernando da Rocha","Saúde e Bem-estar","Acima da média"
17,"Daniela Cardoso","Saúde e Bem-estar","Acima da média"
57,"Erick Mendes","Saúde e Bem-estar","Abaixo da média"
241,"Kevin Ferreira","Saúde e Bem-estar","Abaixo da média"
30,"Ana Júlia da Costa","Saúde e Bem-estar","Abaixo da média"
225,"Ana Beatriz Duarte","Saúde e Bem-estar","Abaixo da média"
227,"Laís Barros","Saúde e Bem-estar","Abaixo da média"
6,"André Pires","Saúde e Bem-estar","Abaixo da média"
300,"Sofia Fernandes","Saúde e Bem-estar","Abaixo da média"
192,"Raquel Lima","Saúde e Bem-estar","Abaixo da média"
246,"Leandro Nascimento","Saúde e Bem-estar","Abaixo da média"
173,"Enrico Araújo","Saúde e Bem-estar","Abaixo da média"
51,"Agatha Fogaça","Saúde e Bem-estar","Abaixo da média"
89,"Davi Lucca Pinto","Saúde e Bem-estar","Abaixo da média"
278,"Dra. Gabrielly Porto","Saúde e Bem-estar","Abaixo da média"
299,"Augusto Sales","Saúde e Bem-estar","Abaixo da média"
152,"Ana Beatriz Souza","Saúde e Bem-estar","Abaixo da média"
181,"Mariana Araújo","Saúde e Bem-estar","Abaixo da média"
18,"Mariana Teixeira","Saúde e Bem-estar","Abaixo da média"
303,"Nina das Neves","Saúde e Bem-estar","Abaixo da média"
109,"Sophia Silveira","Saúde e Bem-estar","Abaixo da média"
379,"Bárbara Monteiro","Saúde e Bem-estar","Abaixo da média"
77,"Francisco Vieira","Saúde e Bem-estar","Abaixo da média"
309,"Leonardo Gonçalves","Saúde e Bem-estar","Abaixo da média"
388,"Srta. Maria Luiza Ramos","Saúde e Bem-estar","Abaixo da média"
364,"Isaac Costa","Saúde e Bem-estar","Abaixo da média"
135,"Vitória Pereira","Saúde e Bem-estar","Abaixo da média"
374,"Francisco Fernandes","Saúde e Bem-estar","Abaixo da média"
23,"Maria Freitas","Saúde e Bem-estar","Abaixo da média"
64,"Sr. Leonardo Nunes","Saúde e Bem-estar","Abaixo da média"
80,"Maria Clara Azevedo","Saúde e Bem-estar","Abaixo da média"
333,"André da Costa","Saúde e Bem-estar","Abaixo da média"
187,"Thales Ferreira","Saúde e Bem-estar","Abaixo da média"
351,"Dr. Matheus da Cunha","Saúde e Bem-estar","Abaixo da média"
323,"Marcelo Barbosa","Saúde e Bem-estar","Abaixo da média"
326,"Pedro Henrique Almeida","Saúde e Bem-estar","Abaixo da média"
139,"Sr. Diego Azevedo","Saúde e Bem-estar","Abaixo da média"
289,"Bruno Nunes","Saúde e Bem-estar","Abaixo da média"
341,"Cecília Nascimento","Saúde e Bem-estar","Abaixo da média"
204,"Dr. Henrique Freitas","Saúde e Bem-estar","Abaixo da média"
29,"Dr. Vitor Hugo Santos","Saúde e Bem-estar","Abaixo da média"
202,"Isabella Silva","Saúde e Bem-estar","Abaixo da média"
104,"Paulo Alves","Saúde e Bem-estar","Abaixo da média"
370,"Levi Monteiro","Saúde e Bem-estar","Abaixo da média"
125,"Joaquim Gonçalves","Saúde e Bem-estar","Abaixo da média"
220,"Luiz Felipe Costa","Saúde e Bem-estar","Abaixo da média"
384,"Bruno Moraes","Saúde e Bem-estar","Abaixo da média"
114,"Pedro Henrique Rodrigues","Saúde e Bem-estar","Abaixo da média"
191,"Maitê Farias","Saúde e Bem-estar","Abaixo da média"
226,"Laura Mendes","Saúde e Bem-estar","Abaixo da média"
85,"Eduarda da Mota","Saúde e Bem-estar","Abaixo da média"
239,"Ana Laura da Rocha","Saúde e Bem-estar","Abaixo da média"
90,"Erick Monteiro","Saúde e Bem-estar","Abaixo da média"
320,"Breno Monteiro","Saúde e Bem-estar","Abaixo da média"
378,"Agatha Campos","Saúde e Bem-estar","Abaixo da média"
231,"Pedro Henrique da Rosa","Saúde e Bem-estar","Abaixo da média"
19,"Isis Pires","Saúde e Bem-estar","Abaixo da média"
389,"Sr. Murilo Lima","Saúde e Bem-estar","Abaixo da média"
358,"João Miguel Rocha","Saúde e Bem-estar","Abaixo da média"
146,"Maria Fernanda Vieira","Saúde e Bem-estar","Abaixo da média"
69,"Rafael Caldeira","Saúde e Bem-estar","Abaixo da média"
